generation,best_fitness,best_individual,mean_fitness,std_dev
1,-2.1197339278800404,"[1, 0, 1, 0, 0, 1, 0, 1, 0, 1, 1, 0, 1, 0, 0, 0, 0, 1, 0, 1, 0, 1, 0, 0, 0, 1, 1, 0, 1, 1, 0, 0, 1, 0, 1, 0, 1, 1, 0, 1, 1, 0, 1, 0, 1, 1, 0, 1, 1, 1, 1, 0, 1, 0, 2, 0, 1, 0, 1, 1]",-0.7260706984808963,0.5512504348323105
2,-2.9017636881748112,"[1, 0, 1, 0, 0, 1, 1, 1, 0, 1, 1, 1, 1, 0, 0, 0, 0, 1, 0, 1, 0, 0, 0, 1, 0, 1, 1, 0, 1, 0, 1, 0, 1, 0, 2, 0, 0, 1, 0, 1, 0, 1, 0, 0, 1, 1, 1, 0, 1, 0, 1, 1, 1, 1, 0, 1, 1, 0, 0, 1]",-0.8798878959919948,0.7242142681282411
3,-3.048884520319352,"[1, 0, 1, 0, 1, 1, 0, 1, 0, 1, 1, 1, 1, 0, 0, 0, 0, 1, 0, 1, 1, 1, 0, 1, 0, 1, 1, 0, 1, 0, 1, 0, 1, 0, 2, 0, 0, 1, 0, 1, 0, 1, 0, 0, 1, 1, 1, 0, 1, 0, 1, 1, 1, 1, 0, 1, 1, 0, 0, 1]",-1.2674354752784969,0.8310361187212295
4,-3.333857179671846,"[1, 0, 1, 1, 1, 0, 0, 1, 2, 0, 1, 1, 1, 1, 2, 1, 2, 1, 0, 0, 0, 1, 0, 1, 0, 1, 1, 0, 1, 0, 1, 0, 1, 0, 2, 0, 0, 1, 0, 1, 0, 2, 0, 0, 1, 1, 1, 0, 1, 0, 0, 0, 1, 0, 1, 1, 2, 0, 1, 1]",-1.5533974515860687,0.872885072875442
5,-4.034656923297174,"[1, 0, 1, 0, 1, 1, 0, 1, 0, 1, 2, 0, 1, 0, 0, 0, 0, 1, 0, 1, 0, 1, 0, 0, 1, 0, 1, 1, 0, 0, 1, 1, 0, 1, 1, 0, 0, 1, 0, 1, 1, 1, 1, 0, 1, 0, 1, 1, 1, 0, 0, 0, 1, 0, 1, 1, 2, 0, 1, 1]",-1.7485687116105015,0.8983133316707945
6,-4.192024902792259,"[1, 0, 1, 0, 1, 1, 0, 1, 0, 1, 1, 1, 1, 0, 0, 0, 0, 1, 1, 1, 1, 1, 0, 1, 0, 1, 1, 0, 1, 0, 1, 0, 1, 0, 2, 0, 0, 1, 0, 1, 1, 0, 1, 0, 0, 0, 1, 0, 0, 1, 1, 2, 1, 0, 1, 1, 2, 0, 1, 1]",-2.332876426000073,0.8125023410041019
7,-4.348073589733723,"[1, 0, 1, 1, 0, 1, 1, 1, 0, 2, 1, 1, 1, 0, 0, 0, 0, 1, 0, 1, 0, 1, 0, 1, 0, 1, 1, 0, 1, 0, 1, 0, 1, 0, 2, 0, 0, 1, 0, 1, 1, 0, 1, 0, 0, 0, 1, 0, 0, 1, 1, 2, 1, 0, 1, 2, 2, 0, 1, 1]",-2.3515844863831608,0.8675044473858112
8,-4.348073589733723,"[1, 0, 1, 1, 0, 1, 1, 1, 0, 2, 1, 1, 1, 0, 0, 0, 0, 1, 0, 1, 0, 1, 0, 1, 0, 1, 1, 0, 1, 0, 1, 0, 1, 0, 2, 0, 0, 1, 0, 1, 1, 0, 1, 0, 0, 0, 1, 0, 0, 1, 1, 2, 1, 0, 1, 2, 2, 0, 1, 1]",-2.567772392522218,0.7641191720813663
9,-4.348073589733723,"[1, 0, 1, 1, 0, 1, 1, 1, 0, 2, 1, 1, 1, 0, 0, 0, 0, 1, 0, 1, 0, 1, 0, 1, 0, 1, 1, 0, 1, 0, 1, 0, 1, 0, 2, 0, 0, 1, 0, 1, 1, 0, 1, 0, 0, 0, 1, 0, 0, 1, 1, 2, 1, 0, 1, 2, 2, 0, 1, 1]",-2.4607493903563507,0.8430834089007756
10,-4.348073589733723,"[1, 0, 1, 1, 0, 1, 1, 1, 0, 2, 1, 1, 1, 0, 0, 0, 0, 1, 0, 1, 0, 1, 0, 1, 0, 1, 1, 0, 1, 0, 1, 0, 1, 0, 2, 0, 0, 1, 0, 1, 1, 0, 1, 0, 0, 0, 1, 0, 0, 1, 1, 2, 1, 0, 1, 2, 2, 0, 1, 1]",-2.499422995034962,0.8515571262255283
11,-4.348073589733723,"[1, 0, 1, 1, 0, 1, 1, 1, 0, 2, 1, 1, 1, 0, 0, 0, 0, 1, 0, 1, 0, 1, 0, 1, 0, 1, 1, 0, 1, 0, 1, 0, 1, 0, 2, 0, 0, 1, 0, 1, 1, 0, 1, 0, 0, 0, 1, 0, 0, 1, 1, 2, 1, 0, 1, 2, 2, 0, 1, 1]",-2.5100306062368576,0.816658739581614
12,-4.35799643028545,"[1, 0, 1, 0, 1, 1, 1, 1, 0, 2, 1, 1, 1, 0, 0, 0, 0, 1, 0, 1, 0, 1, 0, 1, 0, 1, 1, 0, 1, 0, 1, 0, 1, 0, 2, 0, 0, 1, 0, 1, 1, 0, 1, 0, 0, 0, 1, 0, 0, 1, 1, 2, 1, 0, 1, 2, 2, 0, 1, 1]",-2.482765791340142,0.8663656303423639
13,-4.413371942794197,"[1, 0, 1, 0, 1, 1, 2, 1, 0, 3, 1, 1, 1, 0, 0, 0, 0, 1, 0, 1, 0, 1, 0, 2, 0, 1, 1, 0, 1, 0, 1, 0, 3, 0, 2, 0, 0, 2, 0, 1, 0, 2, 2, 1, 0, 1, 1, 0, 0, 1, 1, 2, 1, 0, 1, 1, 2, 0, 1, 1]",-2.6216800084225556,0.899987488234273
14,-4.413371942794197,"[1, 0, 1, 0, 1, 1, 2, 1, 0, 3, 1, 1, 1, 0, 0, 0, 0, 1, 0, 1, 0, 1, 0, 2, 0, 1, 1, 0, 1, 0, 1, 0, 3, 0, 2, 0, 0, 2, 0, 1, 0, 2, 2, 1, 0, 1, 1, 0, 0, 1, 1, 2, 1, 0, 1, 1, 2, 0, 1, 1]",-2.6201912547297934,0.8389910340185883
15,-4.413371942794197,"[1, 0, 1, 0, 1, 1, 2, 1, 0, 3, 1, 1, 1, 0, 0, 0, 0, 1, 0, 1, 0, 1, 0, 2, 0, 1, 1, 0, 1, 0, 1, 0, 3, 0, 2, 0, 0, 2, 0, 1, 0, 2, 2, 1, 0, 1, 1, 0, 0, 1, 1, 2, 1, 0, 1, 1, 2, 0, 1, 1]",-2.7394734894451416,0.8038741941555198
16,-4.413371942794197,"[1, 0, 1, 0, 1, 1, 2, 1, 0, 3, 1, 1, 1, 0, 0, 0, 0, 1, 0, 1, 0, 1, 0, 2, 0, 1, 1, 0, 1, 0, 1, 0, 3, 0, 2, 0, 0, 2, 0, 1, 0, 2, 2, 1, 0, 1, 1, 0, 0, 1, 1, 2, 1, 0, 1, 1, 2, 0, 1, 1]",-2.6691491620512466,0.9161436649700273
17,-4.413371942794197,"[1, 0, 1, 0, 1, 1, 2, 1, 0, 3, 1, 1, 1, 0, 0, 0, 0, 1, 0, 1, 0, 1, 0, 2, 0, 1, 1, 0, 1, 0, 1, 0, 3, 0, 2, 0, 0, 2, 0, 1, 0, 2, 2, 1, 0, 1, 1, 0, 0, 1, 1, 2, 1, 0, 1, 1, 2, 0, 1, 1]",-2.7967050613091904,0.7933655170195946
18,-4.413371942794197,"[1, 0, 1, 0, 1, 1, 2, 1, 0, 3, 1, 1, 1, 0, 0, 0, 0, 1, 0, 1, 0, 1, 0, 2, 0, 1, 1, 0, 1, 0, 1, 0, 3, 0, 2, 0, 0, 2, 0, 1, 0, 2, 2, 1, 0, 1, 1, 0, 0, 1, 1, 2, 1, 0, 1, 1, 2, 0, 1, 1]",-2.7723076296059603,0.783642718725342
19,-4.413371942794197,"[1, 0, 1, 0, 1, 1, 2, 1, 0, 3, 1, 1, 1, 0, 0, 0, 0, 1, 0, 1, 0, 1, 0, 2, 0, 1, 1, 0, 1, 0, 1, 0, 3, 0, 2, 0, 0, 2, 0, 1, 0, 2, 2, 1, 0, 1, 1, 0, 0, 1, 1, 2, 1, 0, 1, 1, 2, 0, 1, 1]",-2.6560539806492223,0.9627339626170146
20,-4.413371942794197,"[1, 0, 1, 0, 1, 1, 2, 1, 0, 3, 1, 1, 1, 0, 0, 0, 0, 1, 0, 1, 0, 1, 0, 2, 0, 1, 1, 0, 1, 0, 1, 0, 3, 0, 2, 0, 0, 2, 0, 1, 0, 2, 2, 1, 0, 1, 1, 0, 0, 1, 1, 2, 1, 0, 1, 1, 2, 0, 1, 1]",-2.6256342709261595,0.9490043025723336
21,-4.413371942794197,"[1, 0, 1, 0, 1, 1, 2, 1, 0, 3, 1, 1, 1, 0, 0, 0, 0, 1, 0, 1, 0, 1, 0, 2, 0, 1, 1, 0, 1, 0, 1, 0, 3, 0, 2, 0, 0, 2, 0, 1, 0, 2, 2, 1, 0, 1, 1, 0, 0, 1, 1, 2, 1, 0, 1, 1, 2, 0, 1, 1]",-2.6036114212397137,0.7994791125926839
22,-4.413371942794197,"[1, 0, 1, 0, 1, 1, 2, 1, 0, 3, 1, 1, 1, 0, 0, 0, 0, 1, 0, 1, 0, 1, 0, 2, 0, 1, 1, 0, 1, 0, 1, 0, 3, 0, 2, 0, 0, 2, 0, 1, 0, 2, 2, 1, 0, 1, 1, 0, 0, 1, 1, 2, 1, 0, 1, 1, 2, 0, 1, 1]",-2.5332416314390227,0.8249736453873949
23,-4.413371942794197,"[1, 0, 1, 0, 1, 1, 2, 1, 0, 3, 1, 1, 1, 0, 0, 0, 0, 1, 0, 1, 0, 1, 0, 2, 0, 1, 1, 0, 1, 0, 1, 0, 3, 0, 2, 0, 0, 2, 0, 1, 0, 2, 2, 1, 0, 1, 1, 0, 0, 1, 1, 2, 1, 0, 1, 1, 2, 0, 1, 1]",-2.445455541851717,0.8140532993941728
24,-4.413371942794197,"[1, 0, 1, 0, 1, 1, 2, 1, 0, 3, 1, 1, 1, 0, 0, 0, 0, 1, 0, 1, 0, 1, 0, 2, 0, 1, 1, 0, 1, 0, 1, 0, 3, 0, 2, 0, 0, 2, 0, 1, 0, 2, 2, 1, 0, 1, 1, 0, 0, 1, 1, 2, 1, 0, 1, 1, 2, 0, 1, 1]",-2.4233370641501892,0.9979077770725857
25,-4.413371942794197,"[1, 0, 1, 0, 1, 1, 2, 1, 0, 3, 1, 1, 1, 0, 0, 0, 0, 1, 0, 1, 0, 1, 0, 2, 0, 1, 1, 0, 1, 0, 1, 0, 3, 0, 2, 0, 0, 2, 0, 1, 0, 2, 2, 1, 0, 1, 1, 0, 0, 1, 1, 2, 1, 0, 1, 1, 2, 0, 1, 1]",-2.456929690002354,0.8937208326169378
26,-4.413371942794197,"[1, 0, 1, 0, 1, 1, 2, 1, 0, 3, 1, 1, 1, 0, 0, 0, 0, 1, 0, 1, 0, 1, 0, 2, 0, 1, 1, 0, 1, 0, 1, 0, 3, 0, 2, 0, 0, 2, 0, 1, 0, 2, 2, 1, 0, 1, 1, 0, 0, 1, 1, 2, 1, 0, 1, 1, 2, 0, 1, 1]",-2.54312180121339,0.9157304231341377
27,-4.413371942794197,"[1, 0, 1, 0, 1, 1, 2, 1, 0, 3, 1, 1, 1, 0, 0, 0, 0, 1, 0, 1, 0, 1, 0, 2, 0, 1, 1, 0, 1, 0, 1, 0, 3, 0, 2, 0, 0, 2, 0, 1, 0, 2, 2, 1, 0, 1, 1, 0, 0, 1, 1, 2, 1, 0, 1, 1, 2, 0, 1, 1]",-2.4131556939832755,0.980476626366337
28,-4.413371942794197,"[1, 0, 1, 0, 1, 1, 2, 1, 0, 3, 1, 1, 1, 0, 0, 0, 0, 1, 0, 1, 0, 1, 0, 2, 0, 1, 1, 0, 1, 0, 1, 0, 3, 0, 2, 0, 0, 2, 0, 1, 0, 2, 2, 1, 0, 1, 1, 0, 0, 1, 1, 2, 1, 0, 1, 1, 2, 0, 1, 1]",-2.409467957453691,0.8355306000466611
29,-4.413371942794197,"[1, 0, 1, 0, 1, 1, 2, 1, 0, 3, 1, 1, 1, 0, 0, 0, 0, 1, 0, 1, 0, 1, 0, 2, 0, 1, 1, 0, 1, 0, 1, 0, 3, 0, 2, 0, 0, 2, 0, 1, 0, 2, 2, 1, 0, 1, 1, 0, 0, 1, 1, 2, 1, 0, 1, 1, 2, 0, 1, 1]",-2.323103107575819,0.8770586176037822
30,-4.418472532719479,"[1, 0, 1, 0, 1, 1, 3, 1, 0, 3, 1, 1, 1, 0, 0, 0, 0, 1, 0, 1, 0, 1, 0, 2, 0, 1, 1, 0, 1, 0, 1, 0, 3, 0, 2, 0, 0, 2, 0, 1, 0, 2, 2, 1, 0, 1, 1, 0, 0, 1, 1, 2, 1, 0, 1, 1, 2, 0, 1, 1]",-2.440298521627923,0.9784429189339978
31,-4.418472532719479,"[1, 0, 1, 0, 1, 1, 3, 1, 0, 3, 1, 1, 1, 0, 0, 0, 0, 1, 0, 1, 0, 1, 0, 2, 0, 1, 1, 0, 1, 0, 1, 0, 3, 0, 2, 0, 0, 2, 0, 1, 0, 2, 2, 1, 0, 1, 1, 0, 0, 1, 1, 2, 1, 0, 1, 1, 2, 0, 1, 1]",-2.4232873867278606,0.9783823111330726
32,-4.418472532719479,"[1, 0, 1, 0, 1, 1, 3, 1, 0, 3, 1, 1, 1, 0, 0, 0, 0, 1, 0, 1, 0, 1, 0, 2, 0, 1, 1, 0, 1, 0, 1, 0, 3, 0, 2, 0, 0, 2, 0, 1, 0, 2, 2, 1, 0, 1, 1, 0, 0, 1, 1, 2, 1, 0, 1, 1, 2, 0, 1, 1]",-2.63476072639758,0.9521938338227046
33,-4.418472532719479,"[1, 0, 1, 0, 1, 1, 3, 1, 0, 3, 1, 1, 1, 0, 0, 0, 0, 1, 0, 1, 0, 1, 0, 2, 0, 1, 1, 0, 1, 0, 1, 0, 3, 0, 2, 0, 0, 2, 0, 1, 0, 2, 2, 1, 0, 1, 1, 0, 0, 1, 1, 2, 1, 0, 1, 1, 2, 0, 1, 1]",-2.4857107887431513,1.010570808588154
34,-4.418472532719479,"[1, 0, 1, 0, 1, 1, 3, 1, 0, 3, 1, 1, 1, 0, 0, 0, 0, 1, 0, 1, 0, 1, 0, 2, 0, 1, 1, 0, 1, 0, 1, 0, 3, 0, 2, 0, 0, 2, 0, 1, 0, 2, 2, 1, 0, 1, 1, 0, 0, 1, 1, 2, 1, 0, 1, 1, 2, 0, 1, 1]",-2.5399868225529234,0.9616505117153362
35,-4.418472532719479,"[1, 0, 1, 0, 1, 1, 3, 1, 0, 3, 1, 1, 1, 0, 0, 0, 0, 1, 0, 1, 0, 1, 0, 2, 0, 1, 1, 0, 1, 0, 1, 0, 3, 0, 2, 0, 0, 2, 0, 1, 0, 2, 2, 1, 0, 1, 1, 0, 0, 1, 1, 2, 1, 0, 1, 1, 2, 0, 1, 1]",-2.5986501668488766,0.9309722005601789
36,-4.418472532719479,"[1, 0, 1, 0, 1, 1, 3, 1, 0, 3, 1, 1, 1, 0, 0, 0, 0, 1, 0, 1, 0, 1, 0, 2, 0, 1, 1, 0, 1, 0, 1, 0, 3, 0, 2, 0, 0, 2, 0, 1, 0, 2, 2, 1, 0, 1, 1, 0, 0, 1, 1, 2, 1, 0, 1, 1, 2, 0, 1, 1]",-2.6432286535629244,0.9468181137449622
37,-4.418472532719479,"[1, 0, 1, 0, 1, 1, 3, 1, 0, 3, 1, 1, 1, 0, 0, 0, 0, 1, 0, 1, 0, 1, 0, 2, 0, 1, 1, 0, 1, 0, 1, 0, 3, 0, 2, 0, 0, 2, 0, 1, 0, 2, 2, 1, 0, 1, 1, 0, 0, 1, 1, 2, 1, 0, 1, 1, 2, 0, 1, 1]",-2.5569369534243487,0.8237394045145568
38,-4.418472532719479,"[1, 0, 1, 0, 1, 1, 3, 1, 0, 3, 1, 1, 1, 0, 0, 0, 0, 1, 0, 1, 0, 1, 0, 2, 0, 1, 1, 0, 1, 0, 1, 0, 3, 0, 2, 0, 0, 2, 0, 1, 0, 2, 2, 1, 0, 1, 1, 0, 0, 1, 1, 2, 1, 0, 1, 1, 2, 0, 1, 1]",-2.451456707724789,0.8633621857497069
39,-4.418472532719479,"[1, 0, 1, 0, 1, 1, 3, 1, 0, 3, 1, 1, 1, 0, 0, 0, 0, 1, 0, 1, 0, 1, 0, 2, 0, 1, 1, 0, 1, 0, 1, 0, 3, 0, 2, 0, 0, 2, 0, 1, 0, 2, 2, 1, 0, 1, 1, 0, 0, 1, 1, 2, 1, 0, 1, 1, 2, 0, 1, 1]",-2.4420116905803453,0.8483339955429883
40,-4.418472532719479,"[1, 0, 1, 0, 1, 1, 3, 1, 0, 3, 1, 1, 1, 0, 0, 0, 0, 1, 0, 1, 0, 1, 0, 2, 0, 1, 1, 0, 1, 0, 1, 0, 3, 0, 2, 0, 0, 2, 0, 1, 0, 2, 2, 1, 0, 1, 1, 0, 0, 1, 1, 2, 1, 0, 1, 1, 2, 0, 1, 1]",-2.3595673026686566,0.7630924496826148
41,-4.418472532719479,"[1, 0, 1, 0, 1, 1, 3, 1, 0, 3, 1, 1, 1, 0, 0, 0, 0, 1, 0, 1, 0, 1, 0, 2, 0, 1, 1, 0, 1, 0, 1, 0, 3, 0, 2, 0, 0, 2, 0, 1, 0, 2, 2, 1, 0, 1, 1, 0, 0, 1, 1, 2, 1, 0, 1, 1, 2, 0, 1, 1]",-2.389976355744789,0.857641475271315
42,-4.418472532719479,"[1, 0, 1, 0, 1, 1, 3, 1, 0, 3, 1, 1, 1, 0, 0, 0, 0, 1, 0, 1, 0, 1, 0, 2, 0, 1, 1, 0, 1, 0, 1, 0, 3, 0, 2, 0, 0, 2, 0, 1, 0, 2, 2, 1, 0, 1, 1, 0, 0, 1, 1, 2, 1, 0, 1, 1, 2, 0, 1, 1]",-2.3993532974540357,0.9191805397927614
43,-4.418472532719479,"[1, 0, 1, 0, 1, 1, 3, 1, 0, 3, 1, 1, 1, 0, 0, 0, 0, 1, 0, 1, 0, 1, 0, 2, 0, 1, 1, 0, 1, 0, 1, 0, 3, 0, 2, 0, 0, 2, 0, 1, 0, 2, 2, 1, 0, 1, 1, 0, 0, 1, 1, 2, 1, 0, 1, 1, 2, 0, 1, 1]",-2.325110435955824,0.8584901950807451
44,-4.418472532719479,"[1, 0, 1, 0, 1, 1, 3, 1, 0, 3, 1, 1, 1, 0, 0, 0, 0, 1, 0, 1, 0, 1, 0, 2, 0, 1, 1, 0, 1, 0, 1, 0, 3, 0, 2, 0, 0, 2, 0, 1, 0, 2, 2, 1, 0, 1, 1, 0, 0, 1, 1, 2, 1, 0, 1, 1, 2, 0, 1, 1]",-2.2861848679016323,0.9869798564140448
45,-4.418472532719479,"[1, 0, 1, 0, 1, 1, 3, 1, 0, 3, 1, 1, 1, 0, 0, 0, 0, 1, 0, 1, 0, 1, 0, 2, 0, 1, 1, 0, 1, 0, 1, 0, 3, 0, 2, 0, 0, 2, 0, 1, 0, 2, 2, 1, 0, 1, 1, 0, 0, 1, 1, 2, 1, 0, 1, 1, 2, 0, 1, 1]",-2.2919535776825635,0.8518736670288432
46,-4.418472532719479,"[1, 0, 1, 0, 1, 1, 3, 1, 0, 3, 1, 1, 1, 0, 0, 0, 0, 1, 0, 1, 0, 1, 0, 2, 0, 1, 1, 0, 1, 0, 1, 0, 3, 0, 2, 0, 0, 2, 0, 1, 0, 2, 2, 1, 0, 1, 1, 0, 0, 1, 1, 2, 1, 0, 1, 1, 2, 0, 1, 1]",-2.3482296284005484,1.0172589825905436
47,-4.418472532719479,"[1, 0, 1, 0, 1, 1, 3, 1, 0, 3, 1, 1, 1, 0, 0, 0, 0, 1, 0, 1, 0, 1, 0, 2, 0, 1, 1, 0, 1, 0, 1, 0, 3, 0, 2, 0, 0, 2, 0, 1, 0, 2, 2, 1, 0, 1, 1, 0, 0, 1, 1, 2, 1, 0, 1, 1, 2, 0, 1, 1]",-2.5118135434462654,0.8593415258868805
48,-4.418472532719479,"[1, 0, 1, 0, 1, 1, 3, 1, 0, 3, 1, 1, 1, 0, 0, 0, 0, 1, 0, 1, 0, 1, 0, 2, 0, 1, 1, 0, 1, 0, 1, 0, 3, 0, 2, 0, 0, 2, 0, 1, 0, 2, 2, 1, 0, 1, 1, 0, 0, 1, 1, 2, 1, 0, 1, 1, 2, 0, 1, 1]",-2.4373597123235022,0.9922715539439444
49,-4.418472532719479,"[1, 0, 1, 0, 1, 1, 3, 1, 0, 3, 1, 1, 1, 0, 0, 0, 0, 1, 0, 1, 0, 1, 0, 2, 0, 1, 1, 0, 1, 0, 1, 0, 3, 0, 2, 0, 0, 2, 0, 1, 0, 2, 2, 1, 0, 1, 1, 0, 0, 1, 1, 2, 1, 0, 1, 1, 2, 0, 1, 1]",-2.712151497269492,0.8197546341351499
50,-4.418472532719479,"[1, 0, 1, 0, 1, 1, 3, 1, 0, 3, 1, 1, 1, 0, 0, 0, 0, 1, 0, 1, 0, 1, 0, 2, 0, 1, 1, 0, 1, 0, 1, 0, 3, 0, 2, 0, 0, 2, 0, 1, 0, 2, 2, 1, 0, 1, 1, 0, 0, 1, 1, 2, 1, 0, 1, 1, 2, 0, 1, 1]",-2.6634426459701013,0.8229678501174895
51,-4.418472532719479,"[1, 0, 1, 0, 1, 1, 3, 1, 0, 3, 1, 1, 1, 0, 0, 0, 0, 1, 0, 1, 0, 1, 0, 2, 0, 1, 1, 0, 1, 0, 1, 0, 3, 0, 2, 0, 0, 2, 0, 1, 0, 2, 2, 1, 0, 1, 1, 0, 0, 1, 1, 2, 1, 0, 1, 1, 2, 0, 1, 1]",-2.51495039347798,0.9209077317430594
52,-4.418472532719479,"[1, 0, 1, 0, 1, 1, 3, 1, 0, 3, 1, 1, 1, 0, 0, 0, 0, 1, 0, 1, 0, 1, 0, 2, 0, 1, 1, 0, 1, 0, 1, 0, 3, 0, 2, 0, 0, 2, 0, 1, 0, 2, 2, 1, 0, 1, 1, 0, 0, 1, 1, 2, 1, 0, 1, 1, 2, 0, 1, 1]",-2.529624498818508,0.9186304544294979
53,-4.418472532719479,"[1, 0, 1, 0, 1, 1, 3, 1, 0, 3, 1, 1, 1, 0, 0, 0, 0, 1, 0, 1, 0, 1, 0, 2, 0, 1, 1, 0, 1, 0, 1, 0, 3, 0, 2, 0, 0, 2, 0, 1, 0, 2, 2, 1, 0, 1, 1, 0, 0, 1, 1, 2, 1, 0, 1, 1, 2, 0, 1, 1]",-2.491265317284085,0.9222654901173117
54,-4.418472532719479,"[1, 0, 1, 0, 1, 1, 3, 1, 0, 3, 1, 1, 1, 0, 0, 0, 0, 1, 0, 1, 0, 1, 0, 2, 0, 1, 1, 0, 1, 0, 1, 0, 3, 0, 2, 0, 0, 2, 0, 1, 0, 2, 2, 1, 0, 1, 1, 0, 0, 1, 1, 2, 1, 0, 1, 1, 2, 0, 1, 1]",-2.312222904873968,0.9077172429256849
55,-4.418472532719479,"[1, 0, 1, 0, 1, 1, 3, 1, 0, 3, 1, 1, 1, 0, 0, 0, 0, 1, 0, 1, 0, 1, 0, 2, 0, 1, 1, 0, 1, 0, 1, 0, 3, 0, 2, 0, 0, 2, 0, 1, 0, 2, 2, 1, 0, 1, 1, 0, 0, 1, 1, 2, 1, 0, 1, 1, 2, 0, 1, 1]",-2.2922068403218843,0.8488671699124621
56,-4.418472532719479,"[1, 0, 1, 0, 1, 1, 3, 1, 0, 3, 1, 1, 1, 0, 0, 0, 0, 1, 0, 1, 0, 1, 0, 2, 0, 1, 1, 0, 1, 0, 1, 0, 3, 0, 2, 0, 0, 2, 0, 1, 0, 2, 2, 1, 0, 1, 1, 0, 0, 1, 1, 2, 1, 0, 1, 1, 2, 0, 1, 1]",-2.305885810638457,0.9430257554054429
57,-4.418472532719479,"[1, 0, 1, 0, 1, 1, 3, 1, 0, 3, 1, 1, 1, 0, 0, 0, 0, 1, 0, 1, 0, 1, 0, 2, 0, 1, 1, 0, 1, 0, 1, 0, 3, 0, 2, 0, 0, 2, 0, 1, 0, 2, 2, 1, 0, 1, 1, 0, 0, 1, 1, 2, 1, 0, 1, 1, 2, 0, 1, 1]",-2.4700111208087874,0.8272725356340327
58,-4.418472532719479,"[1, 0, 1, 0, 1, 1, 3, 1, 0, 3, 1, 1, 1, 0, 0, 0, 0, 1, 0, 1, 0, 1, 0, 2, 0, 1, 1, 0, 1, 0, 1, 0, 3, 0, 2, 0, 0, 2, 0, 1, 0, 2, 2, 1, 0, 1, 1, 0, 0, 1, 1, 2, 1, 0, 1, 1, 2, 0, 1, 1]",-2.4560529128578352,0.7547905513476566
59,-4.418472532719479,"[1, 0, 1, 0, 1, 1, 3, 1, 0, 3, 1, 1, 1, 0, 0, 0, 0, 1, 0, 1, 0, 1, 0, 2, 0, 1, 1, 0, 1, 0, 1, 0, 3, 0, 2, 0, 0, 2, 0, 1, 0, 2, 2, 1, 0, 1, 1, 0, 0, 1, 1, 2, 1, 0, 1, 1, 2, 0, 1, 1]",-2.190324325514968,0.8888828529016654
60,-4.418472532719479,"[1, 0, 1, 0, 1, 1, 3, 1, 0, 3, 1, 1, 1, 0, 0, 0, 0, 1, 0, 1, 0, 1, 0, 2, 0, 1, 1, 0, 1, 0, 1, 0, 3, 0, 2, 0, 0, 2, 0, 1, 0, 2, 2, 1, 0, 1, 1, 0, 0, 1, 1, 2, 1, 0, 1, 1, 2, 0, 1, 1]",-2.031647035298037,0.9167780615168487
61,-4.418472532719479,"[1, 0, 1, 0, 1, 1, 3, 1, 0, 3, 1, 1, 1, 0, 0, 0, 0, 1, 0, 1, 0, 1, 0, 2, 0, 1, 1, 0, 1, 0, 1, 0, 3, 0, 2, 0, 0, 2, 0, 1, 0, 2, 2, 1, 0, 1, 1, 0, 0, 1, 1, 2, 1, 0, 1, 1, 2, 0, 1, 1]",-2.2948552676943192,0.8836901926171562
62,-4.418472532719479,"[1, 0, 1, 0, 1, 1, 3, 1, 0, 3, 1, 1, 1, 0, 0, 0, 0, 1, 0, 1, 0, 1, 0, 2, 0, 1, 1, 0, 1, 0, 1, 0, 3, 0, 2, 0, 0, 2, 0, 1, 0, 2, 2, 1, 0, 1, 1, 0, 0, 1, 1, 2, 1, 0, 1, 1, 2, 0, 1, 1]",-2.3941686361765773,0.882637204844136
63,-4.418472532719479,"[1, 0, 1, 0, 1, 1, 3, 1, 0, 3, 1, 1, 1, 0, 0, 0, 0, 1, 0, 1, 0, 1, 0, 2, 0, 1, 1, 0, 1, 0, 1, 0, 3, 0, 2, 0, 0, 2, 0, 1, 0, 2, 2, 1, 0, 1, 1, 0, 0, 1, 1, 2, 1, 0, 1, 1, 2, 0, 1, 1]",-2.3540696476968885,0.865853263344589
64,-4.418472532719479,"[1, 0, 1, 0, 1, 1, 3, 1, 0, 3, 1, 1, 1, 0, 0, 0, 0, 1, 0, 1, 0, 1, 0, 2, 0, 1, 1, 0, 1, 0, 1, 0, 3, 0, 2, 0, 0, 2, 0, 1, 0, 2, 2, 1, 0, 1, 1, 0, 0, 1, 1, 2, 1, 0, 1, 1, 2, 0, 1, 1]",-2.350760852035025,0.894983591157266
65,-4.418472532719479,"[1, 0, 1, 0, 1, 1, 3, 1, 0, 3, 1, 1, 1, 0, 0, 0, 0, 1, 0, 1, 0, 1, 0, 2, 0, 1, 1, 0, 1, 0, 1, 0, 3, 0, 2, 0, 0, 2, 0, 1, 0, 2, 2, 1, 0, 1, 1, 0, 0, 1, 1, 2, 1, 0, 1, 1, 2, 0, 1, 1]",-2.440767929655374,0.8691944796149437
66,-4.418472532719479,"[1, 0, 1, 0, 1, 1, 3, 1, 0, 3, 1, 1, 1, 0, 0, 0, 0, 1, 0, 1, 0, 1, 0, 2, 0, 1, 1, 0, 1, 0, 1, 0, 3, 0, 2, 0, 0, 2, 0, 1, 0, 2, 2, 1, 0, 1, 1, 0, 0, 1, 1, 2, 1, 0, 1, 1, 2, 0, 1, 1]",-2.462170966906553,0.8204622207198536
67,-4.418472532719479,"[1, 0, 1, 0, 1, 1, 3, 1, 0, 3, 1, 1, 1, 0, 0, 0, 0, 1, 0, 1, 0, 1, 0, 2, 0, 1, 1, 0, 1, 0, 1, 0, 3, 0, 2, 0, 0, 2, 0, 1, 0, 2, 2, 1, 0, 1, 1, 0, 0, 1, 1, 2, 1, 0, 1, 1, 2, 0, 1, 1]",-2.438411291819489,0.8861117748718057
68,-4.418472532719479,"[1, 0, 1, 0, 1, 1, 3, 1, 0, 3, 1, 1, 1, 0, 0, 0, 0, 1, 0, 1, 0, 1, 0, 2, 0, 1, 1, 0, 1, 0, 1, 0, 3, 0, 2, 0, 0, 2, 0, 1, 0, 2, 2, 1, 0, 1, 1, 0, 0, 1, 1, 2, 1, 0, 1, 1, 2, 0, 1, 1]",-2.3750588115627567,0.7651143716860277
69,-4.418472532719479,"[1, 0, 1, 0, 1, 1, 3, 1, 0, 3, 1, 1, 1, 0, 0, 0, 0, 1, 0, 1, 0, 1, 0, 2, 0, 1, 1, 0, 1, 0, 1, 0, 3, 0, 2, 0, 0, 2, 0, 1, 0, 2, 2, 1, 0, 1, 1, 0, 0, 1, 1, 2, 1, 0, 1, 1, 2, 0, 1, 1]",-2.2360882854155464,0.8427176464088149
70,-4.418472532719479,"[1, 0, 1, 0, 1, 1, 3, 1, 0, 3, 1, 1, 1, 0, 0, 0, 0, 1, 0, 1, 0, 1, 0, 2, 0, 1, 1, 0, 1, 0, 1, 0, 3, 0, 2, 0, 0, 2, 0, 1, 0, 2, 2, 1, 0, 1, 1, 0, 0, 1, 1, 2, 1, 0, 1, 1, 2, 0, 1, 1]",-2.0699037128173465,0.9382116532229543
71,-4.418472532719479,"[1, 0, 1, 0, 1, 1, 3, 1, 0, 3, 1, 1, 1, 0, 0, 0, 0, 1, 0, 1, 0, 1, 0, 2, 0, 1, 1, 0, 1, 0, 1, 0, 3, 0, 2, 0, 0, 2, 0, 1, 0, 2, 2, 1, 0, 1, 1, 0, 0, 1, 1, 2, 1, 0, 1, 1, 2, 0, 1, 1]",-2.2008308967137507,0.8564580919058474
72,-4.418472532719479,"[1, 0, 1, 0, 1, 1, 3, 1, 0, 3, 1, 1, 1, 0, 0, 0, 0, 1, 0, 1, 0, 1, 0, 2, 0, 1, 1, 0, 1, 0, 1, 0, 3, 0, 2, 0, 0, 2, 0, 1, 0, 2, 2, 1, 0, 1, 1, 0, 0, 1, 1, 2, 1, 0, 1, 1, 2, 0, 1, 1]",-2.2804246877614833,0.9757932850066321
73,-4.418472532719479,"[1, 0, 1, 0, 1, 1, 3, 1, 0, 3, 1, 1, 1, 0, 0, 0, 0, 1, 0, 1, 0, 1, 0, 2, 0, 1, 1, 0, 1, 0, 1, 0, 3, 0, 2, 0, 0, 2, 0, 1, 0, 2, 2, 1, 0, 1, 1, 0, 0, 1, 1, 2, 1, 0, 1, 1, 2, 0, 1, 1]",-2.39178224766831,0.7971586238896935
74,-4.418472532719479,"[1, 0, 1, 0, 1, 1, 3, 1, 0, 3, 1, 1, 1, 0, 0, 0, 0, 1, 0, 1, 0, 1, 0, 2, 0, 1, 1, 0, 1, 0, 1, 0, 3, 0, 2, 0, 0, 2, 0, 1, 0, 2, 2, 1, 0, 1, 1, 0, 0, 1, 1, 2, 1, 0, 1, 1, 2, 0, 1, 1]",-2.253726736502534,0.8691874099414093
75,-4.418472532719479,"[1, 0, 1, 0, 1, 1, 3, 1, 0, 3, 1, 1, 1, 0, 0, 0, 0, 1, 0, 1, 0, 1, 0, 2, 0, 1, 1, 0, 1, 0, 1, 0, 3, 0, 2, 0, 0, 2, 0, 1, 0, 2, 2, 1, 0, 1, 1, 0, 0, 1, 1, 2, 1, 0, 1, 1, 2, 0, 1, 1]",-2.146849347372348,0.8437974545597609
76,-4.418472532719479,"[1, 0, 1, 0, 1, 1, 3, 1, 0, 3, 1, 1, 1, 0, 0, 0, 0, 1, 0, 1, 0, 1, 0, 2, 0, 1, 1, 0, 1, 0, 1, 0, 3, 0, 2, 0, 0, 2, 0, 1, 0, 2, 2, 1, 0, 1, 1, 0, 0, 1, 1, 2, 1, 0, 1, 1, 2, 0, 1, 1]",-2.016616554748434,0.8918020647996783
77,-4.418472532719479,"[1, 0, 1, 0, 1, 1, 3, 1, 0, 3, 1, 1, 1, 0, 0, 0, 0, 1, 0, 1, 0, 1, 0, 2, 0, 1, 1, 0, 1, 0, 1, 0, 3, 0, 2, 0, 0, 2, 0, 1, 0, 2, 2, 1, 0, 1, 1, 0, 0, 1, 1, 2, 1, 0, 1, 1, 2, 0, 1, 1]",-2.025227683406583,0.9437831155820973
78,-4.418472532719479,"[1, 0, 1, 0, 1, 1, 3, 1, 0, 3, 1, 1, 1, 0, 0, 0, 0, 1, 0, 1, 0, 1, 0, 2, 0, 1, 1, 0, 1, 0, 1, 0, 3, 0, 2, 0, 0, 2, 0, 1, 0, 2, 2, 1, 0, 1, 1, 0, 0, 1, 1, 2, 1, 0, 1, 1, 2, 0, 1, 1]",-2.2767375939648535,0.9207594613651083
79,-4.418472532719479,"[1, 0, 1, 0, 1, 1, 3, 1, 0, 3, 1, 1, 1, 0, 0, 0, 0, 1, 0, 1, 0, 1, 0, 2, 0, 1, 1, 0, 1, 0, 1, 0, 3, 0, 2, 0, 0, 2, 0, 1, 0, 2, 2, 1, 0, 1, 1, 0, 0, 1, 1, 2, 1, 0, 1, 1, 2, 0, 1, 1]",-2.2906520420909864,0.9168746854854921
80,-4.418472532719479,"[1, 0, 1, 0, 1, 1, 3, 1, 0, 3, 1, 1, 1, 0, 0, 0, 0, 1, 0, 1, 0, 1, 0, 2, 0, 1, 1, 0, 1, 0, 1, 0, 3, 0, 2, 0, 0, 2, 0, 1, 0, 2, 2, 1, 0, 1, 1, 0, 0, 1, 1, 2, 1, 0, 1, 1, 2, 0, 1, 1]",-2.3114788561267736,0.943196127671807
81,-4.418472532719479,"[1, 0, 1, 0, 1, 1, 3, 1, 0, 3, 1, 1, 1, 0, 0, 0, 0, 1, 0, 1, 0, 1, 0, 2, 0, 1, 1, 0, 1, 0, 1, 0, 3, 0, 2, 0, 0, 2, 0, 1, 0, 2, 2, 1, 0, 1, 1, 0, 0, 1, 1, 2, 1, 0, 1, 1, 2, 0, 1, 1]",-2.500954947638427,0.8494067863936674
82,-4.418472532719479,"[1, 0, 1, 0, 1, 1, 3, 1, 0, 3, 1, 1, 1, 0, 0, 0, 0, 1, 0, 1, 0, 1, 0, 2, 0, 1, 1, 0, 1, 0, 1, 0, 3, 0, 2, 0, 0, 2, 0, 1, 0, 2, 2, 1, 0, 1, 1, 0, 0, 1, 1, 2, 1, 0, 1, 1, 2, 0, 1, 1]",-2.2379823571247908,0.7489629107485962
83,-4.418472532719479,"[1, 0, 1, 0, 1, 1, 3, 1, 0, 3, 1, 1, 1, 0, 0, 0, 0, 1, 0, 1, 0, 1, 0, 2, 0, 1, 1, 0, 1, 0, 1, 0, 3, 0, 2, 0, 0, 2, 0, 1, 0, 2, 2, 1, 0, 1, 1, 0, 0, 1, 1, 2, 1, 0, 1, 1, 2, 0, 1, 1]",-2.2703952396945657,0.908066265160753
84,-4.418472532719479,"[1, 0, 1, 0, 1, 1, 3, 1, 0, 3, 1, 1, 1, 0, 0, 0, 0, 1, 0, 1, 0, 1, 0, 2, 0, 1, 1, 0, 1, 0, 1, 0, 3, 0, 2, 0, 0, 2, 0, 1, 0, 2, 2, 1, 0, 1, 1, 0, 0, 1, 1, 2, 1, 0, 1, 1, 2, 0, 1, 1]",-2.2596144632213746,0.9298236061832825
85,-4.418472532719479,"[1, 0, 1, 0, 1, 1, 3, 1, 0, 3, 1, 1, 1, 0, 0, 0, 0, 1, 0, 1, 0, 1, 0, 2, 0, 1, 1, 0, 1, 0, 1, 0, 3, 0, 2, 0, 0, 2, 0, 1, 0, 2, 2, 1, 0, 1, 1, 0, 0, 1, 1, 2, 1, 0, 1, 1, 2, 0, 1, 1]",-2.323622164376236,0.9359891122946107
86,-4.418472532719479,"[1, 0, 1, 0, 1, 1, 3, 1, 0, 3, 1, 1, 1, 0, 0, 0, 0, 1, 0, 1, 0, 1, 0, 2, 0, 1, 1, 0, 1, 0, 1, 0, 3, 0, 2, 0, 0, 2, 0, 1, 0, 2, 2, 1, 0, 1, 1, 0, 0, 1, 1, 2, 1, 0, 1, 1, 2, 0, 1, 1]",-2.5578448283923714,0.8828857067621454
87,-4.418472532719479,"[1, 0, 1, 0, 1, 1, 3, 1, 0, 3, 1, 1, 1, 0, 0, 0, 0, 1, 0, 1, 0, 1, 0, 2, 0, 1, 1, 0, 1, 0, 1, 0, 3, 0, 2, 0, 0, 2, 0, 1, 0, 2, 2, 1, 0, 1, 1, 0, 0, 1, 1, 2, 1, 0, 1, 1, 2, 0, 1, 1]",-2.4993698307582144,0.9211180484187145
88,-4.418472532719479,"[1, 0, 1, 0, 1, 1, 3, 1, 0, 3, 1, 1, 1, 0, 0, 0, 0, 1, 0, 1, 0, 1, 0, 2, 0, 1, 1, 0, 1, 0, 1, 0, 3, 0, 2, 0, 0, 2, 0, 1, 0, 2, 2, 1, 0, 1, 1, 0, 0, 1, 1, 2, 1, 0, 1, 1, 2, 0, 1, 1]",-2.4632585314224413,0.8489048714029067
89,-4.418472532719479,"[1, 0, 1, 0, 1, 1, 3, 1, 0, 3, 1, 1, 1, 0, 0, 0, 0, 1, 0, 1, 0, 1, 0, 2, 0, 1, 1, 0, 1, 0, 1, 0, 3, 0, 2, 0, 0, 2, 0, 1, 0, 2, 2, 1, 0, 1, 1, 0, 0, 1, 1, 2, 1, 0, 1, 1, 2, 0, 1, 1]",-2.4904281570146005,0.8994993158742863
90,-4.418472532719479,"[1, 0, 1, 0, 1, 1, 3, 1, 0, 3, 1, 1, 1, 0, 0, 0, 0, 1, 0, 1, 0, 1, 0, 2, 0, 1, 1, 0, 1, 0, 1, 0, 3, 0, 2, 0, 0, 2, 0, 1, 0, 2, 2, 1, 0, 1, 1, 0, 0, 1, 1, 2, 1, 0, 1, 1, 2, 0, 1, 1]",-2.5523085267162715,0.8795460942462413
91,-4.418472532719479,"[1, 0, 1, 0, 1, 1, 3, 1, 0, 3, 1, 1, 1, 0, 0, 0, 0, 1, 0, 1, 0, 1, 0, 2, 0, 1, 1, 0, 1, 0, 1, 0, 3, 0, 2, 0, 0, 2, 0, 1, 0, 2, 2, 1, 0, 1, 1, 0, 0, 1, 1, 2, 1, 0, 1, 1, 2, 0, 1, 1]",-2.5504655628160156,0.8616384674504083
92,-4.418472532719479,"[1, 0, 1, 0, 1, 1, 3, 1, 0, 3, 1, 1, 1, 0, 0, 0, 0, 1, 0, 1, 0, 1, 0, 2, 0, 1, 1, 0, 1, 0, 1, 0, 3, 0, 2, 0, 0, 2, 0, 1, 0, 2, 2, 1, 0, 1, 1, 0, 0, 1, 1, 2, 1, 0, 1, 1, 2, 0, 1, 1]",-2.489129389805394,1.0001491059351346
93,-4.418472532719479,"[1, 0, 1, 0, 1, 1, 3, 1, 0, 3, 1, 1, 1, 0, 0, 0, 0, 1, 0, 1, 0, 1, 0, 2, 0, 1, 1, 0, 1, 0, 1, 0, 3, 0, 2, 0, 0, 2, 0, 1, 0, 2, 2, 1, 0, 1, 1, 0, 0, 1, 1, 2, 1, 0, 1, 1, 2, 0, 1, 1]",-2.490850249680166,0.9357707415492704
94,-4.418472532719479,"[1, 0, 1, 0, 1, 1, 3, 1, 0, 3, 1, 1, 1, 0, 0, 0, 0, 1, 0, 1, 0, 1, 0, 2, 0, 1, 1, 0, 1, 0, 1, 0, 3, 0, 2, 0, 0, 2, 0, 1, 0, 2, 2, 1, 0, 1, 1, 0, 0, 1, 1, 2, 1, 0, 1, 1, 2, 0, 1, 1]",-2.3959677053896153,0.9500034722318067
95,-4.418472532719479,"[1, 0, 1, 0, 1, 1, 3, 1, 0, 3, 1, 1, 1, 0, 0, 0, 0, 1, 0, 1, 0, 1, 0, 2, 0, 1, 1, 0, 1, 0, 1, 0, 3, 0, 2, 0, 0, 2, 0, 1, 0, 2, 2, 1, 0, 1, 1, 0, 0, 1, 1, 2, 1, 0, 1, 1, 2, 0, 1, 1]",-2.5367194387680616,0.9170842543704828
96,-4.418472532719479,"[1, 0, 1, 0, 1, 1, 3, 1, 0, 3, 1, 1, 1, 0, 0, 0, 0, 1, 0, 1, 0, 1, 0, 2, 0, 1, 1, 0, 1, 0, 1, 0, 3, 0, 2, 0, 0, 2, 0, 1, 0, 2, 2, 1, 0, 1, 1, 0, 0, 1, 1, 2, 1, 0, 1, 1, 2, 0, 1, 1]",-2.517136810715591,0.9620719007014711
97,-4.418472532719479,"[1, 0, 1, 0, 1, 1, 3, 1, 0, 3, 1, 1, 1, 0, 0, 0, 0, 1, 0, 1, 0, 1, 0, 2, 0, 1, 1, 0, 1, 0, 1, 0, 3, 0, 2, 0, 0, 2, 0, 1, 0, 2, 2, 1, 0, 1, 1, 0, 0, 1, 1, 2, 1, 0, 1, 1, 2, 0, 1, 1]",-2.584916580773576,0.8619098842693386
98,-4.418472532719479,"[1, 0, 1, 0, 1, 1, 3, 1, 0, 3, 1, 1, 1, 0, 0, 0, 0, 1, 0, 1, 0, 1, 0, 2, 0, 1, 1, 0, 1, 0, 1, 0, 3, 0, 2, 0, 0, 2, 0, 1, 0, 2, 2, 1, 0, 1, 1, 0, 0, 1, 1, 2, 1, 0, 1, 1, 2, 0, 1, 1]",-2.536011903040774,0.8556816621500739
99,-4.418472532719479,"[1, 0, 1, 0, 1, 1, 3, 1, 0, 3, 1, 1, 1, 0, 0, 0, 0, 1, 0, 1, 0, 1, 0, 2, 0, 1, 1, 0, 1, 0, 1, 0, 3, 0, 2, 0, 0, 2, 0, 1, 0, 2, 2, 1, 0, 1, 1, 0, 0, 1, 1, 2, 1, 0, 1, 1, 2, 0, 1, 1]",-2.3989212604385264,0.9354196099550862
100,-4.418472532719479,"[1, 0, 1, 0, 1, 1, 3, 1, 0, 3, 1, 1, 1, 0, 0, 0, 0, 1, 0, 1, 0, 1, 0, 2, 0, 1, 1, 0, 1, 0, 1, 0, 3, 0, 2, 0, 0, 2, 0, 1, 0, 2, 2, 1, 0, 1, 1, 0, 0, 1, 1, 2, 1, 0, 1, 1, 2, 0, 1, 1]",-2.313074345249959,0.9383029929824079
101,-4.418472532719479,"[1, 0, 1, 0, 1, 1, 3, 1, 0, 3, 1, 1, 1, 0, 0, 0, 0, 1, 0, 1, 0, 1, 0, 2, 0, 1, 1, 0, 1, 0, 1, 0, 3, 0, 2, 0, 0, 2, 0, 1, 0, 2, 2, 1, 0, 1, 1, 0, 0, 1, 1, 2, 1, 0, 1, 1, 2, 0, 1, 1]",-2.391244025973153,0.9012728017342814
102,-4.418472532719479,"[1, 0, 1, 0, 1, 1, 3, 1, 0, 3, 1, 1, 1, 0, 0, 0, 0, 1, 0, 1, 0, 1, 0, 2, 0, 1, 1, 0, 1, 0, 1, 0, 3, 0, 2, 0, 0, 2, 0, 1, 0, 2, 2, 1, 0, 1, 1, 0, 0, 1, 1, 2, 1, 0, 1, 1, 2, 0, 1, 1]",-2.4255258136571087,0.8411155726468911
103,-4.418472532719479,"[1, 0, 1, 0, 1, 1, 3, 1, 0, 3, 1, 1, 1, 0, 0, 0, 0, 1, 0, 1, 0, 1, 0, 2, 0, 1, 1, 0, 1, 0, 1, 0, 3, 0, 2, 0, 0, 2, 0, 1, 0, 2, 2, 1, 0, 1, 1, 0, 0, 1, 1, 2, 1, 0, 1, 1, 2, 0, 1, 1]",-2.473039429940809,0.9668025274602899
104,-4.418472532719479,"[1, 0, 1, 0, 1, 1, 3, 1, 0, 3, 1, 1, 1, 0, 0, 0, 0, 1, 0, 1, 0, 1, 0, 2, 0, 1, 1, 0, 1, 0, 1, 0, 3, 0, 2, 0, 0, 2, 0, 1, 0, 2, 2, 1, 0, 1, 1, 0, 0, 1, 1, 2, 1, 0, 1, 1, 2, 0, 1, 1]",-2.6562650124785963,0.9063013141963606
105,-4.418472532719479,"[1, 0, 1, 0, 1, 1, 3, 1, 0, 3, 1, 1, 1, 0, 0, 0, 0, 1, 0, 1, 0, 1, 0, 2, 0, 1, 1, 0, 1, 0, 1, 0, 3, 0, 2, 0, 0, 2, 0, 1, 0, 2, 2, 1, 0, 1, 1, 0, 0, 1, 1, 2, 1, 0, 1, 1, 2, 0, 1, 1]",-2.6621908533542684,0.8168666634384023
106,-4.418472532719479,"[1, 0, 1, 0, 1, 1, 3, 1, 0, 3, 1, 1, 1, 0, 0, 0, 0, 1, 0, 1, 0, 1, 0, 2, 0, 1, 1, 0, 1, 0, 1, 0, 3, 0, 2, 0, 0, 2, 0, 1, 0, 2, 2, 1, 0, 1, 1, 0, 0, 1, 1, 2, 1, 0, 1, 1, 2, 0, 1, 1]",-2.5563258521843535,0.8283005966409248
107,-4.418472532719479,"[1, 0, 1, 0, 1, 1, 3, 1, 0, 3, 1, 1, 1, 0, 0, 0, 0, 1, 0, 1, 0, 1, 0, 2, 0, 1, 1, 0, 1, 0, 1, 0, 3, 0, 2, 0, 0, 2, 0, 1, 0, 2, 2, 1, 0, 1, 1, 0, 0, 1, 1, 2, 1, 0, 1, 1, 2, 0, 1, 1]",-2.3861363306859458,0.906113339423456
108,-4.418472532719479,"[1, 0, 1, 0, 1, 1, 3, 1, 0, 3, 1, 1, 1, 0, 0, 0, 0, 1, 0, 1, 0, 1, 0, 2, 0, 1, 1, 0, 1, 0, 1, 0, 3, 0, 2, 0, 0, 2, 0, 1, 0, 2, 2, 1, 0, 1, 1, 0, 0, 1, 1, 2, 1, 0, 1, 1, 2, 0, 1, 1]",-2.2931145797649335,0.8560625487878563
109,-4.418472532719479,"[1, 0, 1, 0, 1, 1, 3, 1, 0, 3, 1, 1, 1, 0, 0, 0, 0, 1, 0, 1, 0, 1, 0, 2, 0, 1, 1, 0, 1, 0, 1, 0, 3, 0, 2, 0, 0, 2, 0, 1, 0, 2, 2, 1, 0, 1, 1, 0, 0, 1, 1, 2, 1, 0, 1, 1, 2, 0, 1, 1]",-2.186998802834284,0.8993651673222582
110,-4.418472532719479,"[1, 0, 1, 0, 1, 1, 3, 1, 0, 3, 1, 1, 1, 0, 0, 0, 0, 1, 0, 1, 0, 1, 0, 2, 0, 1, 1, 0, 1, 0, 1, 0, 3, 0, 2, 0, 0, 2, 0, 1, 0, 2, 2, 1, 0, 1, 1, 0, 0, 1, 1, 2, 1, 0, 1, 1, 2, 0, 1, 1]",-2.315981156556488,0.8839684326322982
111,-4.418472532719479,"[1, 0, 1, 0, 1, 1, 3, 1, 0, 3, 1, 1, 1, 0, 0, 0, 0, 1, 0, 1, 0, 1, 0, 2, 0, 1, 1, 0, 1, 0, 1, 0, 3, 0, 2, 0, 0, 2, 0, 1, 0, 2, 2, 1, 0, 1, 1, 0, 0, 1, 1, 2, 1, 0, 1, 1, 2, 0, 1, 1]",-2.221049430563785,0.8722224407923107
112,-4.418472532719479,"[1, 0, 1, 0, 1, 1, 3, 1, 0, 3, 1, 1, 1, 0, 0, 0, 0, 1, 0, 1, 0, 1, 0, 2, 0, 1, 1, 0, 1, 0, 1, 0, 3, 0, 2, 0, 0, 2, 0, 1, 0, 2, 2, 1, 0, 1, 1, 0, 0, 1, 1, 2, 1, 0, 1, 1, 2, 0, 1, 1]",-2.23794689824887,0.8983730865307268
113,-4.418472532719479,"[1, 0, 1, 0, 1, 1, 3, 1, 0, 3, 1, 1, 1, 0, 0, 0, 0, 1, 0, 1, 0, 1, 0, 2, 0, 1, 1, 0, 1, 0, 1, 0, 3, 0, 2, 0, 0, 2, 0, 1, 0, 2, 2, 1, 0, 1, 1, 0, 0, 1, 1, 2, 1, 0, 1, 1, 2, 0, 1, 1]",-2.3113732730507017,0.8694017883095468
114,-4.418472532719479,"[1, 0, 1, 0, 1, 1, 3, 1, 0, 3, 1, 1, 1, 0, 0, 0, 0, 1, 0, 1, 0, 1, 0, 2, 0, 1, 1, 0, 1, 0, 1, 0, 3, 0, 2, 0, 0, 2, 0, 1, 0, 2, 2, 1, 0, 1, 1, 0, 0, 1, 1, 2, 1, 0, 1, 1, 2, 0, 1, 1]",-2.4533934381165876,0.963827422411533
115,-4.418472532719479,"[1, 0, 1, 0, 1, 1, 3, 1, 0, 3, 1, 1, 1, 0, 0, 0, 0, 1, 0, 1, 0, 1, 0, 2, 0, 1, 1, 0, 1, 0, 1, 0, 3, 0, 2, 0, 0, 2, 0, 1, 0, 2, 2, 1, 0, 1, 1, 0, 0, 1, 1, 2, 1, 0, 1, 1, 2, 0, 1, 1]",-2.5853440088387076,0.8575065371230336
116,-4.418472532719479,"[1, 0, 1, 0, 1, 1, 3, 1, 0, 3, 1, 1, 1, 0, 0, 0, 0, 1, 0, 1, 0, 1, 0, 2, 0, 1, 1, 0, 1, 0, 1, 0, 3, 0, 2, 0, 0, 2, 0, 1, 0, 2, 2, 1, 0, 1, 1, 0, 0, 1, 1, 2, 1, 0, 1, 1, 2, 0, 1, 1]",-2.561243817781543,0.7619898867577951
117,-4.418472532719479,"[1, 0, 1, 0, 1, 1, 3, 1, 0, 3, 1, 1, 1, 0, 0, 0, 0, 1, 0, 1, 0, 1, 0, 2, 0, 1, 1, 0, 1, 0, 1, 0, 3, 0, 2, 0, 0, 2, 0, 1, 0, 2, 2, 1, 0, 1, 1, 0, 0, 1, 1, 2, 1, 0, 1, 1, 2, 0, 1, 1]",-2.3830414817339896,0.8407873323223992
118,-4.418472532719479,"[1, 0, 1, 0, 1, 1, 3, 1, 0, 3, 1, 1, 1, 0, 0, 0, 0, 1, 0, 1, 0, 1, 0, 2, 0, 1, 1, 0, 1, 0, 1, 0, 3, 0, 2, 0, 0, 2, 0, 1, 0, 2, 2, 1, 0, 1, 1, 0, 0, 1, 1, 2, 1, 0, 1, 1, 2, 0, 1, 1]",-2.2755438493540967,0.8175411338506109
119,-4.418472532719479,"[1, 0, 1, 0, 1, 1, 3, 1, 0, 3, 1, 1, 1, 0, 0, 0, 0, 1, 0, 1, 0, 1, 0, 2, 0, 1, 1, 0, 1, 0, 1, 0, 3, 0, 2, 0, 0, 2, 0, 1, 0, 2, 2, 1, 0, 1, 1, 0, 0, 1, 1, 2, 1, 0, 1, 1, 2, 0, 1, 1]",-2.2792280617292304,0.9061881761792684
120,-4.418472532719479,"[1, 0, 1, 0, 1, 1, 3, 1, 0, 3, 1, 1, 1, 0, 0, 0, 0, 1, 0, 1, 0, 1, 0, 2, 0, 1, 1, 0, 1, 0, 1, 0, 3, 0, 2, 0, 0, 2, 0, 1, 0, 2, 2, 1, 0, 1, 1, 0, 0, 1, 1, 2, 1, 0, 1, 1, 2, 0, 1, 1]",-2.23019037577144,0.9884305260623847
121,-4.418472532719479,"[1, 0, 1, 0, 1, 1, 3, 1, 0, 3, 1, 1, 1, 0, 0, 0, 0, 1, 0, 1, 0, 1, 0, 2, 0, 1, 1, 0, 1, 0, 1, 0, 3, 0, 2, 0, 0, 2, 0, 1, 0, 2, 2, 1, 0, 1, 1, 0, 0, 1, 1, 2, 1, 0, 1, 1, 2, 0, 1, 1]",-2.17198622930184,0.8637002299214986
122,-4.418472532719479,"[1, 0, 1, 0, 1, 1, 3, 1, 0, 3, 1, 1, 1, 0, 0, 0, 0, 1, 0, 1, 0, 1, 0, 2, 0, 1, 1, 0, 1, 0, 1, 0, 3, 0, 2, 0, 0, 2, 0, 1, 0, 2, 2, 1, 0, 1, 1, 0, 0, 1, 1, 2, 1, 0, 1, 1, 2, 0, 1, 1]",-2.28564198138733,0.9421394534353793
123,-4.418472532719479,"[1, 0, 1, 0, 1, 1, 3, 1, 0, 3, 1, 1, 1, 0, 0, 0, 0, 1, 0, 1, 0, 1, 0, 2, 0, 1, 1, 0, 1, 0, 1, 0, 3, 0, 2, 0, 0, 2, 0, 1, 0, 2, 2, 1, 0, 1, 1, 0, 0, 1, 1, 2, 1, 0, 1, 1, 2, 0, 1, 1]",-2.3585388119066995,0.9386379234349262
124,-4.418472532719479,"[1, 0, 1, 0, 1, 1, 3, 1, 0, 3, 1, 1, 1, 0, 0, 0, 0, 1, 0, 1, 0, 1, 0, 2, 0, 1, 1, 0, 1, 0, 1, 0, 3, 0, 2, 0, 0, 2, 0, 1, 0, 2, 2, 1, 0, 1, 1, 0, 0, 1, 1, 2, 1, 0, 1, 1, 2, 0, 1, 1]",-2.390838844884632,0.9951382367556787
125,-4.418472532719479,"[1, 0, 1, 0, 1, 1, 3, 1, 0, 3, 1, 1, 1, 0, 0, 0, 0, 1, 0, 1, 0, 1, 0, 2, 0, 1, 1, 0, 1, 0, 1, 0, 3, 0, 2, 0, 0, 2, 0, 1, 0, 2, 2, 1, 0, 1, 1, 0, 0, 1, 1, 2, 1, 0, 1, 1, 2, 0, 1, 1]",-2.5122698107528176,0.8848147341940032
126,-4.418472532719479,"[1, 0, 1, 0, 1, 1, 3, 1, 0, 3, 1, 1, 1, 0, 0, 0, 0, 1, 0, 1, 0, 1, 0, 2, 0, 1, 1, 0, 1, 0, 1, 0, 3, 0, 2, 0, 0, 2, 0, 1, 0, 2, 2, 1, 0, 1, 1, 0, 0, 1, 1, 2, 1, 0, 1, 1, 2, 0, 1, 1]",-2.362449990282486,0.9486691199366207
127,-4.418472532719479,"[1, 0, 1, 0, 1, 1, 3, 1, 0, 3, 1, 1, 1, 0, 0, 0, 0, 1, 0, 1, 0, 1, 0, 2, 0, 1, 1, 0, 1, 0, 1, 0, 3, 0, 2, 0, 0, 2, 0, 1, 0, 2, 2, 1, 0, 1, 1, 0, 0, 1, 1, 2, 1, 0, 1, 1, 2, 0, 1, 1]",-2.621856493862917,0.9131844076648272
128,-4.418472532719479,"[1, 0, 1, 0, 1, 1, 3, 1, 0, 3, 1, 1, 1, 0, 0, 0, 0, 1, 0, 1, 0, 1, 0, 2, 0, 1, 1, 0, 1, 0, 1, 0, 3, 0, 2, 0, 0, 2, 0, 1, 0, 2, 2, 1, 0, 1, 1, 0, 0, 1, 1, 2, 1, 0, 1, 1, 2, 0, 1, 1]",-2.5497015860388714,0.8819872785315662
129,-4.418472532719479,"[1, 0, 1, 0, 1, 1, 3, 1, 0, 3, 1, 1, 1, 0, 0, 0, 0, 1, 0, 1, 0, 1, 0, 2, 0, 1, 1, 0, 1, 0, 1, 0, 3, 0, 2, 0, 0, 2, 0, 1, 0, 2, 2, 1, 0, 1, 1, 0, 0, 1, 1, 2, 1, 0, 1, 1, 2, 0, 1, 1]",-2.7230257459735343,0.8981017688667572
130,-4.418472532719479,"[1, 0, 1, 0, 1, 1, 3, 1, 0, 3, 1, 1, 1, 0, 0, 0, 0, 1, 0, 1, 0, 1, 0, 2, 0, 1, 1, 0, 1, 0, 1, 0, 3, 0, 2, 0, 0, 2, 0, 1, 0, 2, 2, 1, 0, 1, 1, 0, 0, 1, 1, 2, 1, 0, 1, 1, 2, 0, 1, 1]",-2.6367151816630736,0.8224842693364437
131,-4.418472532719479,"[1, 0, 1, 0, 1, 1, 3, 1, 0, 3, 1, 1, 1, 0, 0, 0, 0, 1, 0, 1, 0, 1, 0, 2, 0, 1, 1, 0, 1, 0, 1, 0, 3, 0, 2, 0, 0, 2, 0, 1, 0, 2, 2, 1, 0, 1, 1, 0, 0, 1, 1, 2, 1, 0, 1, 1, 2, 0, 1, 1]",-2.460980967663431,0.8730414633440702
132,-4.418472532719479,"[1, 0, 1, 0, 1, 1, 3, 1, 0, 3, 1, 1, 1, 0, 0, 0, 0, 1, 0, 1, 0, 1, 0, 2, 0, 1, 1, 0, 1, 0, 1, 0, 3, 0, 2, 0, 0, 2, 0, 1, 0, 2, 2, 1, 0, 1, 1, 0, 0, 1, 1, 2, 1, 0, 1, 1, 2, 0, 1, 1]",-2.421933250549396,0.8279217634189634
133,-4.418472532719479,"[1, 0, 1, 0, 1, 1, 3, 1, 0, 3, 1, 1, 1, 0, 0, 0, 0, 1, 0, 1, 0, 1, 0, 2, 0, 1, 1, 0, 1, 0, 1, 0, 3, 0, 2, 0, 0, 2, 0, 1, 0, 2, 2, 1, 0, 1, 1, 0, 0, 1, 1, 2, 1, 0, 1, 1, 2, 0, 1, 1]",-2.3671981762468097,0.9072294714978065
134,-4.418472532719479,"[1, 0, 1, 0, 1, 1, 3, 1, 0, 3, 1, 1, 1, 0, 0, 0, 0, 1, 0, 1, 0, 1, 0, 2, 0, 1, 1, 0, 1, 0, 1, 0, 3, 0, 2, 0, 0, 2, 0, 1, 0, 2, 2, 1, 0, 1, 1, 0, 0, 1, 1, 2, 1, 0, 1, 1, 2, 0, 1, 1]",-2.3160051661082908,0.8262005860612333
135,-4.418472532719479,"[1, 0, 1, 0, 1, 1, 3, 1, 0, 3, 1, 1, 1, 0, 0, 0, 0, 1, 0, 1, 0, 1, 0, 2, 0, 1, 1, 0, 1, 0, 1, 0, 3, 0, 2, 0, 0, 2, 0, 1, 0, 2, 2, 1, 0, 1, 1, 0, 0, 1, 1, 2, 1, 0, 1, 1, 2, 0, 1, 1]",-2.3275630133069494,0.9437771551911964
136,-4.418472532719479,"[1, 0, 1, 0, 1, 1, 3, 1, 0, 3, 1, 1, 1, 0, 0, 0, 0, 1, 0, 1, 0, 1, 0, 2, 0, 1, 1, 0, 1, 0, 1, 0, 3, 0, 2, 0, 0, 2, 0, 1, 0, 2, 2, 1, 0, 1, 1, 0, 0, 1, 1, 2, 1, 0, 1, 1, 2, 0, 1, 1]",-2.356253699330176,0.9509600074711282
137,-4.418472532719479,"[1, 0, 1, 0, 1, 1, 3, 1, 0, 3, 1, 1, 1, 0, 0, 0, 0, 1, 0, 1, 0, 1, 0, 2, 0, 1, 1, 0, 1, 0, 1, 0, 3, 0, 2, 0, 0, 2, 0, 1, 0, 2, 2, 1, 0, 1, 1, 0, 0, 1, 1, 2, 1, 0, 1, 1, 2, 0, 1, 1]",-2.6508332994132933,0.9240920535791877
138,-4.418472532719479,"[1, 0, 1, 0, 1, 1, 3, 1, 0, 3, 1, 1, 1, 0, 0, 0, 0, 1, 0, 1, 0, 1, 0, 2, 0, 1, 1, 0, 1, 0, 1, 0, 3, 0, 2, 0, 0, 2, 0, 1, 0, 2, 2, 1, 0, 1, 1, 0, 0, 1, 1, 2, 1, 0, 1, 1, 2, 0, 1, 1]",-2.55435169460571,0.9422001825769045
139,-4.418472532719479,"[1, 0, 1, 0, 1, 1, 3, 1, 0, 3, 1, 1, 1, 0, 0, 0, 0, 1, 0, 1, 0, 1, 0, 2, 0, 1, 1, 0, 1, 0, 1, 0, 3, 0, 2, 0, 0, 2, 0, 1, 0, 2, 2, 1, 0, 1, 1, 0, 0, 1, 1, 2, 1, 0, 1, 1, 2, 0, 1, 1]",-2.3742906574236002,0.9174039643121749
140,-4.418472532719479,"[1, 0, 1, 0, 1, 1, 3, 1, 0, 3, 1, 1, 1, 0, 0, 0, 0, 1, 0, 1, 0, 1, 0, 2, 0, 1, 1, 0, 1, 0, 1, 0, 3, 0, 2, 0, 0, 2, 0, 1, 0, 2, 2, 1, 0, 1, 1, 0, 0, 1, 1, 2, 1, 0, 1, 1, 2, 0, 1, 1]",-2.358422338453291,0.8965597271156017
141,-4.418472532719479,"[1, 0, 1, 0, 1, 1, 3, 1, 0, 3, 1, 1, 1, 0, 0, 0, 0, 1, 0, 1, 0, 1, 0, 2, 0, 1, 1, 0, 1, 0, 1, 0, 3, 0, 2, 0, 0, 2, 0, 1, 0, 2, 2, 1, 0, 1, 1, 0, 0, 1, 1, 2, 1, 0, 1, 1, 2, 0, 1, 1]",-2.263278016351374,0.9423958378314591
142,-4.418472532719479,"[1, 0, 1, 0, 1, 1, 3, 1, 0, 3, 1, 1, 1, 0, 0, 0, 0, 1, 0, 1, 0, 1, 0, 2, 0, 1, 1, 0, 1, 0, 1, 0, 3, 0, 2, 0, 0, 2, 0, 1, 0, 2, 2, 1, 0, 1, 1, 0, 0, 1, 1, 2, 1, 0, 1, 1, 2, 0, 1, 1]",-2.308492092043059,0.9655650951960643
143,-4.418472532719479,"[1, 0, 1, 0, 1, 1, 3, 1, 0, 3, 1, 1, 1, 0, 0, 0, 0, 1, 0, 1, 0, 1, 0, 2, 0, 1, 1, 0, 1, 0, 1, 0, 3, 0, 2, 0, 0, 2, 0, 1, 0, 2, 2, 1, 0, 1, 1, 0, 0, 1, 1, 2, 1, 0, 1, 1, 2, 0, 1, 1]",-2.3162886684096593,0.9153755337957349
144,-4.418472532719479,"[1, 0, 1, 0, 1, 1, 3, 1, 0, 3, 1, 1, 1, 0, 0, 0, 0, 1, 0, 1, 0, 1, 0, 2, 0, 1, 1, 0, 1, 0, 1, 0, 3, 0, 2, 0, 0, 2, 0, 1, 0, 2, 2, 1, 0, 1, 1, 0, 0, 1, 1, 2, 1, 0, 1, 1, 2, 0, 1, 1]",-2.436304151762891,0.9306836124336902
145,-4.418472532719479,"[1, 0, 1, 0, 1, 1, 3, 1, 0, 3, 1, 1, 1, 0, 0, 0, 0, 1, 0, 1, 0, 1, 0, 2, 0, 1, 1, 0, 1, 0, 1, 0, 3, 0, 2, 0, 0, 2, 0, 1, 0, 2, 2, 1, 0, 1, 1, 0, 0, 1, 1, 2, 1, 0, 1, 1, 2, 0, 1, 1]",-2.504876943736975,0.8786378103380067
146,-4.418472532719479,"[1, 0, 1, 0, 1, 1, 3, 1, 0, 3, 1, 1, 1, 0, 0, 0, 0, 1, 0, 1, 0, 1, 0, 2, 0, 1, 1, 0, 1, 0, 1, 0, 3, 0, 2, 0, 0, 2, 0, 1, 0, 2, 2, 1, 0, 1, 1, 0, 0, 1, 1, 2, 1, 0, 1, 1, 2, 0, 1, 1]",-2.534437094002748,0.8834850880974592
147,-4.418472532719479,"[1, 0, 1, 0, 1, 1, 3, 1, 0, 3, 1, 1, 1, 0, 0, 0, 0, 1, 0, 1, 0, 1, 0, 2, 0, 1, 1, 0, 1, 0, 1, 0, 3, 0, 2, 0, 0, 2, 0, 1, 0, 2, 2, 1, 0, 1, 1, 0, 0, 1, 1, 2, 1, 0, 1, 1, 2, 0, 1, 1]",-2.4798681457293728,0.9523757115456695
148,-4.418472532719479,"[1, 0, 1, 0, 1, 1, 3, 1, 0, 3, 1, 1, 1, 0, 0, 0, 0, 1, 0, 1, 0, 1, 0, 2, 0, 1, 1, 0, 1, 0, 1, 0, 3, 0, 2, 0, 0, 2, 0, 1, 0, 2, 2, 1, 0, 1, 1, 0, 0, 1, 1, 2, 1, 0, 1, 1, 2, 0, 1, 1]",-2.2441267616468243,0.9419604943521199
149,-4.418472532719479,"[1, 0, 1, 0, 1, 1, 3, 1, 0, 3, 1, 1, 1, 0, 0, 0, 0, 1, 0, 1, 0, 1, 0, 2, 0, 1, 1, 0, 1, 0, 1, 0, 3, 0, 2, 0, 0, 2, 0, 1, 0, 2, 2, 1, 0, 1, 1, 0, 0, 1, 1, 2, 1, 0, 1, 1, 2, 0, 1, 1]",-2.4116929079708576,0.9551936215042756
150,-4.418472532719479,"[1, 0, 1, 0, 1, 1, 3, 1, 0, 3, 1, 1, 1, 0, 0, 0, 0, 1, 0, 1, 0, 1, 0, 2, 0, 1, 1, 0, 1, 0, 1, 0, 3, 0, 2, 0, 0, 2, 0, 1, 0, 2, 2, 1, 0, 1, 1, 0, 0, 1, 1, 2, 1, 0, 1, 1, 2, 0, 1, 1]",-2.337871078337712,0.8782149467057202
151,-4.418472532719479,"[1, 0, 1, 0, 1, 1, 3, 1, 0, 3, 1, 1, 1, 0, 0, 0, 0, 1, 0, 1, 0, 1, 0, 2, 0, 1, 1, 0, 1, 0, 1, 0, 3, 0, 2, 0, 0, 2, 0, 1, 0, 2, 2, 1, 0, 1, 1, 0, 0, 1, 1, 2, 1, 0, 1, 1, 2, 0, 1, 1]",-2.3589666451130857,0.859104292274042
152,-4.418472532719479,"[1, 0, 1, 0, 1, 1, 3, 1, 0, 3, 1, 1, 1, 0, 0, 0, 0, 1, 0, 1, 0, 1, 0, 2, 0, 1, 1, 0, 1, 0, 1, 0, 3, 0, 2, 0, 0, 2, 0, 1, 0, 2, 2, 1, 0, 1, 1, 0, 0, 1, 1, 2, 1, 0, 1, 1, 2, 0, 1, 1]",-2.503671408483188,0.921998679540574
153,-4.418472532719479,"[1, 0, 1, 0, 1, 1, 3, 1, 0, 3, 1, 1, 1, 0, 0, 0, 0, 1, 0, 1, 0, 1, 0, 2, 0, 1, 1, 0, 1, 0, 1, 0, 3, 0, 2, 0, 0, 2, 0, 1, 0, 2, 2, 1, 0, 1, 1, 0, 0, 1, 1, 2, 1, 0, 1, 1, 2, 0, 1, 1]",-2.3456190415545644,0.9529349738609453
154,-4.418472532719479,"[1, 0, 1, 0, 1, 1, 3, 1, 0, 3, 1, 1, 1, 0, 0, 0, 0, 1, 0, 1, 0, 1, 0, 2, 0, 1, 1, 0, 1, 0, 1, 0, 3, 0, 2, 0, 0, 2, 0, 1, 0, 2, 2, 1, 0, 1, 1, 0, 0, 1, 1, 2, 1, 0, 1, 1, 2, 0, 1, 1]",-2.213630354231685,0.949625119909257
155,-4.418472532719479,"[1, 0, 1, 0, 1, 1, 3, 1, 0, 3, 1, 1, 1, 0, 0, 0, 0, 1, 0, 1, 0, 1, 0, 2, 0, 1, 1, 0, 1, 0, 1, 0, 3, 0, 2, 0, 0, 2, 0, 1, 0, 2, 2, 1, 0, 1, 1, 0, 0, 1, 1, 2, 1, 0, 1, 1, 2, 0, 1, 1]",-2.3070495347025646,0.9084318065836068
156,-4.418472532719479,"[1, 0, 1, 0, 1, 1, 3, 1, 0, 3, 1, 1, 1, 0, 0, 0, 0, 1, 0, 1, 0, 1, 0, 2, 0, 1, 1, 0, 1, 0, 1, 0, 3, 0, 2, 0, 0, 2, 0, 1, 0, 2, 2, 1, 0, 1, 1, 0, 0, 1, 1, 2, 1, 0, 1, 1, 2, 0, 1, 1]",-2.3859472659671113,0.8627508470380373
157,-4.418472532719479,"[1, 0, 1, 0, 1, 1, 3, 1, 0, 3, 1, 1, 1, 0, 0, 0, 0, 1, 0, 1, 0, 1, 0, 2, 0, 1, 1, 0, 1, 0, 1, 0, 3, 0, 2, 0, 0, 2, 0, 1, 0, 2, 2, 1, 0, 1, 1, 0, 0, 1, 1, 2, 1, 0, 1, 1, 2, 0, 1, 1]",-2.4593173286249965,0.9770725905853612
158,-4.418472532719479,"[1, 0, 1, 0, 1, 1, 3, 1, 0, 3, 1, 1, 1, 0, 0, 0, 0, 1, 0, 1, 0, 1, 0, 2, 0, 1, 1, 0, 1, 0, 1, 0, 3, 0, 2, 0, 0, 2, 0, 1, 0, 2, 2, 1, 0, 1, 1, 0, 0, 1, 1, 2, 1, 0, 1, 1, 2, 0, 1, 1]",-2.4084534781704066,0.8744154505502454
159,-4.418472532719479,"[1, 0, 1, 0, 1, 1, 3, 1, 0, 3, 1, 1, 1, 0, 0, 0, 0, 1, 0, 1, 0, 1, 0, 2, 0, 1, 1, 0, 1, 0, 1, 0, 3, 0, 2, 0, 0, 2, 0, 1, 0, 2, 2, 1, 0, 1, 1, 0, 0, 1, 1, 2, 1, 0, 1, 1, 2, 0, 1, 1]",-2.323921544453824,1.0364755942361275
160,-4.418472532719479,"[1, 0, 1, 0, 1, 1, 3, 1, 0, 3, 1, 1, 1, 0, 0, 0, 0, 1, 0, 1, 0, 1, 0, 2, 0, 1, 1, 0, 1, 0, 1, 0, 3, 0, 2, 0, 0, 2, 0, 1, 0, 2, 2, 1, 0, 1, 1, 0, 0, 1, 1, 2, 1, 0, 1, 1, 2, 0, 1, 1]",-2.570413383057465,0.9189916820218005
161,-4.418472532719479,"[1, 0, 1, 0, 1, 1, 3, 1, 0, 3, 1, 1, 1, 0, 0, 0, 0, 1, 0, 1, 0, 1, 0, 2, 0, 1, 1, 0, 1, 0, 1, 0, 3, 0, 2, 0, 0, 2, 0, 1, 0, 2, 2, 1, 0, 1, 1, 0, 0, 1, 1, 2, 1, 0, 1, 1, 2, 0, 1, 1]",-2.6687805846224,0.9621720657986658
162,-4.418472532719479,"[1, 0, 1, 0, 1, 1, 3, 1, 0, 3, 1, 1, 1, 0, 0, 0, 0, 1, 0, 1, 0, 1, 0, 2, 0, 1, 1, 0, 1, 0, 1, 0, 3, 0, 2, 0, 0, 2, 0, 1, 0, 2, 2, 1, 0, 1, 1, 0, 0, 1, 1, 2, 1, 0, 1, 1, 2, 0, 1, 1]",-2.8223205969756564,0.9288574618807952
163,-4.418472532719479,"[1, 0, 1, 0, 1, 1, 3, 1, 0, 3, 1, 1, 1, 0, 0, 0, 0, 1, 0, 1, 0, 1, 0, 2, 0, 1, 1, 0, 1, 0, 1, 0, 3, 0, 2, 0, 0, 2, 0, 1, 0, 2, 2, 1, 0, 1, 1, 0, 0, 1, 1, 2, 1, 0, 1, 1, 2, 0, 1, 1]",-2.7924015267182565,0.9300925548864313
164,-4.418472532719479,"[1, 0, 1, 0, 1, 1, 3, 1, 0, 3, 1, 1, 1, 0, 0, 0, 0, 1, 0, 1, 0, 1, 0, 2, 0, 1, 1, 0, 1, 0, 1, 0, 3, 0, 2, 0, 0, 2, 0, 1, 0, 2, 2, 1, 0, 1, 1, 0, 0, 1, 1, 2, 1, 0, 1, 1, 2, 0, 1, 1]",-2.593645136877706,0.8846639039152134
165,-4.418472532719479,"[1, 0, 1, 0, 1, 1, 3, 1, 0, 3, 1, 1, 1, 0, 0, 0, 0, 1, 0, 1, 0, 1, 0, 2, 0, 1, 1, 0, 1, 0, 1, 0, 3, 0, 2, 0, 0, 2, 0, 1, 0, 2, 2, 1, 0, 1, 1, 0, 0, 1, 1, 2, 1, 0, 1, 1, 2, 0, 1, 1]",-2.671623299071973,0.871448746940942
166,-4.418472532719479,"[1, 0, 1, 0, 1, 1, 3, 1, 0, 3, 1, 1, 1, 0, 0, 0, 0, 1, 0, 1, 0, 1, 0, 2, 0, 1, 1, 0, 1, 0, 1, 0, 3, 0, 2, 0, 0, 2, 0, 1, 0, 2, 2, 1, 0, 1, 1, 0, 0, 1, 1, 2, 1, 0, 1, 1, 2, 0, 1, 1]",-2.7007893794998825,0.8761593952071223
167,-4.418472532719479,"[1, 0, 1, 0, 1, 1, 3, 1, 0, 3, 1, 1, 1, 0, 0, 0, 0, 1, 0, 1, 0, 1, 0, 2, 0, 1, 1, 0, 1, 0, 1, 0, 3, 0, 2, 0, 0, 2, 0, 1, 0, 2, 2, 1, 0, 1, 1, 0, 0, 1, 1, 2, 1, 0, 1, 1, 2, 0, 1, 1]",-2.610530457326039,0.8483202119635684
168,-4.418472532719479,"[1, 0, 1, 0, 1, 1, 3, 1, 0, 3, 1, 1, 1, 0, 0, 0, 0, 1, 0, 1, 0, 1, 0, 2, 0, 1, 1, 0, 1, 0, 1, 0, 3, 0, 2, 0, 0, 2, 0, 1, 0, 2, 2, 1, 0, 1, 1, 0, 0, 1, 1, 2, 1, 0, 1, 1, 2, 0, 1, 1]",-2.4251024717589282,0.9538701018736976
169,-4.418472532719479,"[1, 0, 1, 0, 1, 1, 3, 1, 0, 3, 1, 1, 1, 0, 0, 0, 0, 1, 0, 1, 0, 1, 0, 2, 0, 1, 1, 0, 1, 0, 1, 0, 3, 0, 2, 0, 0, 2, 0, 1, 0, 2, 2, 1, 0, 1, 1, 0, 0, 1, 1, 2, 1, 0, 1, 1, 2, 0, 1, 1]",-2.546286170831585,0.9001465673823844
170,-4.418472532719479,"[1, 0, 1, 0, 1, 1, 3, 1, 0, 3, 1, 1, 1, 0, 0, 0, 0, 1, 0, 1, 0, 1, 0, 2, 0, 1, 1, 0, 1, 0, 1, 0, 3, 0, 2, 0, 0, 2, 0, 1, 0, 2, 2, 1, 0, 1, 1, 0, 0, 1, 1, 2, 1, 0, 1, 1, 2, 0, 1, 1]",-2.393733070879043,0.9332166386368943
171,-4.418472532719479,"[1, 0, 1, 0, 1, 1, 3, 1, 0, 3, 1, 1, 1, 0, 0, 0, 0, 1, 0, 1, 0, 1, 0, 2, 0, 1, 1, 0, 1, 0, 1, 0, 3, 0, 2, 0, 0, 2, 0, 1, 0, 2, 2, 1, 0, 1, 1, 0, 0, 1, 1, 2, 1, 0, 1, 1, 2, 0, 1, 1]",-2.5184820296916013,0.8952930620500955
172,-4.418472532719479,"[1, 0, 1, 0, 1, 1, 3, 1, 0, 3, 1, 1, 1, 0, 0, 0, 0, 1, 0, 1, 0, 1, 0, 2, 0, 1, 1, 0, 1, 0, 1, 0, 3, 0, 2, 0, 0, 2, 0, 1, 0, 2, 2, 1, 0, 1, 1, 0, 0, 1, 1, 2, 1, 0, 1, 1, 2, 0, 1, 1]",-2.344049728543496,0.8342453010530624
173,-4.418472532719479,"[1, 0, 1, 0, 1, 1, 3, 1, 0, 3, 1, 1, 1, 0, 0, 0, 0, 1, 0, 1, 0, 1, 0, 2, 0, 1, 1, 0, 1, 0, 1, 0, 3, 0, 2, 0, 0, 2, 0, 1, 0, 2, 2, 1, 0, 1, 1, 0, 0, 1, 1, 2, 1, 0, 1, 1, 2, 0, 1, 1]",-2.51590300117121,0.9659179809353451
174,-4.418472532719479,"[1, 0, 1, 0, 1, 1, 3, 1, 0, 3, 1, 1, 1, 0, 0, 0, 0, 1, 0, 1, 0, 1, 0, 2, 0, 1, 1, 0, 1, 0, 1, 0, 3, 0, 2, 0, 0, 2, 0, 1, 0, 2, 2, 1, 0, 1, 1, 0, 0, 1, 1, 2, 1, 0, 1, 1, 2, 0, 1, 1]",-2.267661027410716,0.8611006611987464
175,-4.418472532719479,"[1, 0, 1, 0, 1, 1, 3, 1, 0, 3, 1, 1, 1, 0, 0, 0, 0, 1, 0, 1, 0, 1, 0, 2, 0, 1, 1, 0, 1, 0, 1, 0, 3, 0, 2, 0, 0, 2, 0, 1, 0, 2, 2, 1, 0, 1, 1, 0, 0, 1, 1, 2, 1, 0, 1, 1, 2, 0, 1, 1]",-2.1986877740641457,0.9276087851203726
176,-4.418472532719479,"[1, 0, 1, 0, 1, 1, 3, 1, 0, 3, 1, 1, 1, 0, 0, 0, 0, 1, 0, 1, 0, 1, 0, 2, 0, 1, 1, 0, 1, 0, 1, 0, 3, 0, 2, 0, 0, 2, 0, 1, 0, 2, 2, 1, 0, 1, 1, 0, 0, 1, 1, 2, 1, 0, 1, 1, 2, 0, 1, 1]",-2.336764144843744,1.028757206477886
177,-4.418472532719479,"[1, 0, 1, 0, 1, 1, 3, 1, 0, 3, 1, 1, 1, 0, 0, 0, 0, 1, 0, 1, 0, 1, 0, 2, 0, 1, 1, 0, 1, 0, 1, 0, 3, 0, 2, 0, 0, 2, 0, 1, 0, 2, 2, 1, 0, 1, 1, 0, 0, 1, 1, 2, 1, 0, 1, 1, 2, 0, 1, 1]",-2.632108697942738,0.8002822116510933
178,-4.418472532719479,"[1, 0, 1, 0, 1, 1, 3, 1, 0, 3, 1, 1, 1, 0, 0, 0, 0, 1, 0, 1, 0, 1, 0, 2, 0, 1, 1, 0, 1, 0, 1, 0, 3, 0, 2, 0, 0, 2, 0, 1, 0, 2, 2, 1, 0, 1, 1, 0, 0, 1, 1, 2, 1, 0, 1, 1, 2, 0, 1, 1]",-2.579736434881008,0.9039948338420892
179,-4.418472532719479,"[1, 0, 1, 0, 1, 1, 3, 1, 0, 3, 1, 1, 1, 0, 0, 0, 0, 1, 0, 1, 0, 1, 0, 2, 0, 1, 1, 0, 1, 0, 1, 0, 3, 0, 2, 0, 0, 2, 0, 1, 0, 2, 2, 1, 0, 1, 1, 0, 0, 1, 1, 2, 1, 0, 1, 1, 2, 0, 1, 1]",-2.494245768480737,0.9339872194993147
180,-4.418472532719479,"[1, 0, 1, 0, 1, 1, 3, 1, 0, 3, 1, 1, 1, 0, 0, 0, 0, 1, 0, 1, 0, 1, 0, 2, 0, 1, 1, 0, 1, 0, 1, 0, 3, 0, 2, 0, 0, 2, 0, 1, 0, 2, 2, 1, 0, 1, 1, 0, 0, 1, 1, 2, 1, 0, 1, 1, 2, 0, 1, 1]",-2.550385954146317,0.8090432640985995
181,-4.418472532719479,"[1, 0, 1, 0, 1, 1, 3, 1, 0, 3, 1, 1, 1, 0, 0, 0, 0, 1, 0, 1, 0, 1, 0, 2, 0, 1, 1, 0, 1, 0, 1, 0, 3, 0, 2, 0, 0, 2, 0, 1, 0, 2, 2, 1, 0, 1, 1, 0, 0, 1, 1, 2, 1, 0, 1, 1, 2, 0, 1, 1]",-2.585568094628681,0.8706344684715235
182,-4.418472532719479,"[1, 0, 1, 0, 1, 1, 3, 1, 0, 3, 1, 1, 1, 0, 0, 0, 0, 1, 0, 1, 0, 1, 0, 2, 0, 1, 1, 0, 1, 0, 1, 0, 3, 0, 2, 0, 0, 2, 0, 1, 0, 2, 2, 1, 0, 1, 1, 0, 0, 1, 1, 2, 1, 0, 1, 1, 2, 0, 1, 1]",-2.4874060847437174,0.9077758673946132
183,-4.418472532719479,"[1, 0, 1, 0, 1, 1, 3, 1, 0, 3, 1, 1, 1, 0, 0, 0, 0, 1, 0, 1, 0, 1, 0, 2, 0, 1, 1, 0, 1, 0, 1, 0, 3, 0, 2, 0, 0, 2, 0, 1, 0, 2, 2, 1, 0, 1, 1, 0, 0, 1, 1, 2, 1, 0, 1, 1, 2, 0, 1, 1]",-2.4672899840143407,0.843205429648536
184,-4.418472532719479,"[1, 0, 1, 0, 1, 1, 3, 1, 0, 3, 1, 1, 1, 0, 0, 0, 0, 1, 0, 1, 0, 1, 0, 2, 0, 1, 1, 0, 1, 0, 1, 0, 3, 0, 2, 0, 0, 2, 0, 1, 0, 2, 2, 1, 0, 1, 1, 0, 0, 1, 1, 2, 1, 0, 1, 1, 2, 0, 1, 1]",-2.5600761389716893,0.9096058857346419
185,-4.418472532719479,"[1, 0, 1, 0, 1, 1, 3, 1, 0, 3, 1, 1, 1, 0, 0, 0, 0, 1, 0, 1, 0, 1, 0, 2, 0, 1, 1, 0, 1, 0, 1, 0, 3, 0, 2, 0, 0, 2, 0, 1, 0, 2, 2, 1, 0, 1, 1, 0, 0, 1, 1, 2, 1, 0, 1, 1, 2, 0, 1, 1]",-2.670686534127729,0.786451988840902
186,-4.418472532719479,"[1, 0, 1, 0, 1, 1, 3, 1, 0, 3, 1, 1, 1, 0, 0, 0, 0, 1, 0, 1, 0, 1, 0, 2, 0, 1, 1, 0, 1, 0, 1, 0, 3, 0, 2, 0, 0, 2, 0, 1, 0, 2, 2, 1, 0, 1, 1, 0, 0, 1, 1, 2, 1, 0, 1, 1, 2, 0, 1, 1]",-2.4759910196430597,0.8760698719215892
187,-4.418472532719479,"[1, 0, 1, 0, 1, 1, 3, 1, 0, 3, 1, 1, 1, 0, 0, 0, 0, 1, 0, 1, 0, 1, 0, 2, 0, 1, 1, 0, 1, 0, 1, 0, 3, 0, 2, 0, 0, 2, 0, 1, 0, 2, 2, 1, 0, 1, 1, 0, 0, 1, 1, 2, 1, 0, 1, 1, 2, 0, 1, 1]",-2.4157742069215233,0.8774852116672114
188,-4.418472532719479,"[1, 0, 1, 0, 1, 1, 3, 1, 0, 3, 1, 1, 1, 0, 0, 0, 0, 1, 0, 1, 0, 1, 0, 2, 0, 1, 1, 0, 1, 0, 1, 0, 3, 0, 2, 0, 0, 2, 0, 1, 0, 2, 2, 1, 0, 1, 1, 0, 0, 1, 1, 2, 1, 0, 1, 1, 2, 0, 1, 1]",-2.329505846950969,0.9568632667831249
189,-4.418472532719479,"[1, 0, 1, 0, 1, 1, 3, 1, 0, 3, 1, 1, 1, 0, 0, 0, 0, 1, 0, 1, 0, 1, 0, 2, 0, 1, 1, 0, 1, 0, 1, 0, 3, 0, 2, 0, 0, 2, 0, 1, 0, 2, 2, 1, 0, 1, 1, 0, 0, 1, 1, 2, 1, 0, 1, 1, 2, 0, 1, 1]",-2.447902840053914,1.007802538726988
190,-4.418472532719479,"[1, 0, 1, 0, 1, 1, 3, 1, 0, 3, 1, 1, 1, 0, 0, 0, 0, 1, 0, 1, 0, 1, 0, 2, 0, 1, 1, 0, 1, 0, 1, 0, 3, 0, 2, 0, 0, 2, 0, 1, 0, 2, 2, 1, 0, 1, 1, 0, 0, 1, 1, 2, 1, 0, 1, 1, 2, 0, 1, 1]",-2.383680829587441,0.955611216207491
191,-4.418472532719479,"[1, 0, 1, 0, 1, 1, 3, 1, 0, 3, 1, 1, 1, 0, 0, 0, 0, 1, 0, 1, 0, 1, 0, 2, 0, 1, 1, 0, 1, 0, 1, 0, 3, 0, 2, 0, 0, 2, 0, 1, 0, 2, 2, 1, 0, 1, 1, 0, 0, 1, 1, 2, 1, 0, 1, 1, 2, 0, 1, 1]",-2.2663907673474393,0.9536109253933368
192,-4.418472532719479,"[1, 0, 1, 0, 1, 1, 3, 1, 0, 3, 1, 1, 1, 0, 0, 0, 0, 1, 0, 1, 0, 1, 0, 2, 0, 1, 1, 0, 1, 0, 1, 0, 3, 0, 2, 0, 0, 2, 0, 1, 0, 2, 2, 1, 0, 1, 1, 0, 0, 1, 1, 2, 1, 0, 1, 1, 2, 0, 1, 1]",-2.2229423908595396,0.977066312179798
193,-4.418472532719479,"[1, 0, 1, 0, 1, 1, 3, 1, 0, 3, 1, 1, 1, 0, 0, 0, 0, 1, 0, 1, 0, 1, 0, 2, 0, 1, 1, 0, 1, 0, 1, 0, 3, 0, 2, 0, 0, 2, 0, 1, 0, 2, 2, 1, 0, 1, 1, 0, 0, 1, 1, 2, 1, 0, 1, 1, 2, 0, 1, 1]",-2.36407231332166,0.9029714670845918
194,-4.418472532719479,"[1, 0, 1, 0, 1, 1, 3, 1, 0, 3, 1, 1, 1, 0, 0, 0, 0, 1, 0, 1, 0, 1, 0, 2, 0, 1, 1, 0, 1, 0, 1, 0, 3, 0, 2, 0, 0, 2, 0, 1, 0, 2, 2, 1, 0, 1, 1, 0, 0, 1, 1, 2, 1, 0, 1, 1, 2, 0, 1, 1]",-2.1603210775392636,0.8878937789847661
195,-4.418472532719479,"[1, 0, 1, 0, 1, 1, 3, 1, 0, 3, 1, 1, 1, 0, 0, 0, 0, 1, 0, 1, 0, 1, 0, 2, 0, 1, 1, 0, 1, 0, 1, 0, 3, 0, 2, 0, 0, 2, 0, 1, 0, 2, 2, 1, 0, 1, 1, 0, 0, 1, 1, 2, 1, 0, 1, 1, 2, 0, 1, 1]",-2.1875524382919362,1.0399215133481199
196,-4.418472532719479,"[1, 0, 1, 0, 1, 1, 3, 1, 0, 3, 1, 1, 1, 0, 0, 0, 0, 1, 0, 1, 0, 1, 0, 2, 0, 1, 1, 0, 1, 0, 1, 0, 3, 0, 2, 0, 0, 2, 0, 1, 0, 2, 2, 1, 0, 1, 1, 0, 0, 1, 1, 2, 1, 0, 1, 1, 2, 0, 1, 1]",-2.4157873336540696,1.0973781925420925
197,-4.418472532719479,"[1, 0, 1, 0, 1, 1, 3, 1, 0, 3, 1, 1, 1, 0, 0, 0, 0, 1, 0, 1, 0, 1, 0, 2, 0, 1, 1, 0, 1, 0, 1, 0, 3, 0, 2, 0, 0, 2, 0, 1, 0, 2, 2, 1, 0, 1, 1, 0, 0, 1, 1, 2, 1, 0, 1, 1, 2, 0, 1, 1]",-2.7173241839370683,0.8373721375570892
198,-4.418472532719479,"[1, 0, 1, 0, 1, 1, 3, 1, 0, 3, 1, 1, 1, 0, 0, 0, 0, 1, 0, 1, 0, 1, 0, 2, 0, 1, 1, 0, 1, 0, 1, 0, 3, 0, 2, 0, 0, 2, 0, 1, 0, 2, 2, 1, 0, 1, 1, 0, 0, 1, 1, 2, 1, 0, 1, 1, 2, 0, 1, 1]",-2.552805966035686,0.8250972548872009
199,-4.418472532719479,"[1, 0, 1, 0, 1, 1, 3, 1, 0, 3, 1, 1, 1, 0, 0, 0, 0, 1, 0, 1, 0, 1, 0, 2, 0, 1, 1, 0, 1, 0, 1, 0, 3, 0, 2, 0, 0, 2, 0, 1, 0, 2, 2, 1, 0, 1, 1, 0, 0, 1, 1, 2, 1, 0, 1, 1, 2, 0, 1, 1]",-2.5827345682746286,0.9575404132944161
200,-4.418472532719479,"[1, 0, 1, 0, 1, 1, 3, 1, 0, 3, 1, 1, 1, 0, 0, 0, 0, 1, 0, 1, 0, 1, 0, 2, 0, 1, 1, 0, 1, 0, 1, 0, 3, 0, 2, 0, 0, 2, 0, 1, 0, 2, 2, 1, 0, 1, 1, 0, 0, 1, 1, 2, 1, 0, 1, 1, 2, 0, 1, 1]",-2.6686745431138816,0.8350992374626145
