generation,best_fitness,best_individual,mean_fitness,std_dev
1,-1.8732853538133099,"Individual(fitness=-1.8732853538133099, values=[2.2294164932844933, 1.546628923076923, 2.9168071257631256, 0.7472304420024419, 0.21941263492063492])",-0.9349228200671503,0.44048342912346816
2,-2.504936627838895,"Individual(fitness=-2.504936627838895, values=[2.1442598412698413, 1.6333199291819291, 1.0663760927960928, 1.0832539877899878, 1.97317936019536])",-1.268873583956396,0.5062883059862842
3,-3.373161030688319,"Individual(fitness=-3.373161030688319, values=[2.1442598412698413, 1.6333199291819291, 1.3011322686202687, 1.0832539877899878, 1.97317936019536])",-1.6661081709792442,0.5413965808822782
4,-3.373161030688319,"Individual(fitness=-3.373161030688319, values=[2.1442598412698413, 1.6333199291819291, 1.3011322686202687, 1.0832539877899878, 1.97317936019536])",-2.0562810617672787,0.5107099569572818
5,-4.188084401145805,"Individual(fitness=-4.188084401145805, values=[2.1442598412698413, 1.6333199291819291, 1.3011322686202687, 1.120845663003663, 2.230950847374847])",-2.473258657982602,0.5187600564649882
6,-4.2991973916021795,"Individual(fitness=-4.2991973916021795, values=[2.1442598412698413, 1.6026328473748472, 1.3011322686202687, 1.120845663003663, 2.230950847374847])",-2.929848835471864,0.5887987962551187
7,-4.461376169113017,"Individual(fitness=-4.461376169113017, values=[2.2294164932844933, 1.5558350476190477, 1.2942276752136752, 1.1170097777777779, 1.0065362832722833])",-3.3912164407181886,0.5645680776364566
8,-4.461376169113017,"Individual(fitness=-4.461376169113017, values=[2.2294164932844933, 1.5558350476190477, 1.2942276752136752, 1.1170097777777779, 1.0065362832722833])",-3.759663295619113,0.44560488976180096
9,-4.461376169113017,"Individual(fitness=-4.461376169113017, values=[2.2294164932844933, 1.5558350476190477, 1.2942276752136752, 1.1170097777777779, 1.0065362832722833])",-4.037570917718334,0.4000118444371941
10,-4.465758995239794,"Individual(fitness=-4.465758995239794, values=[2.2294164932844933, 1.5558350476190477, 1.2942276752136752, 1.1170097777777779, 1.003467575091575])",-4.224236124367982,0.17541422041279248
11,-4.465758995239794,"Individual(fitness=-4.465758995239794, values=[2.2294164932844933, 1.5558350476190477, 1.2942276752136752, 1.1170097777777779, 1.003467575091575])",-4.163813822118026,0.3795932713491935
12,-4.465758995239794,"Individual(fitness=-4.465758995239794, values=[2.2294164932844933, 1.5558350476190477, 1.2942276752136752, 1.1170097777777779, 1.003467575091575])",-4.234283115105275,0.3582218465251004
13,-4.466669914100109,"Individual(fitness=-4.466669914100109, values=[2.2294164932844933, 1.5558350476190477, 1.276582603174603, 1.1170097777777779, 1.003467575091575])",-4.245298941693755,0.4114815040535655
14,-4.469216056822338,"Individual(fitness=-4.469216056822338, values=[2.2301836703296702, 1.5558350476190477, 1.2888574358974358, 1.1170097777777779, 1.003467575091575])",-4.320837696685404,0.3717137832183611
15,-4.469888822720055,"Individual(fitness=-4.469888822720055, values=[2.2294164932844933, 1.5558350476190477, 1.2888574358974358, 1.1170097777777779, 1.003467575091575])",-4.41093586757709,0.1942412329134242
16,-4.470225992857246,"Individual(fitness=-4.470225992857246, values=[2.2294164932844933, 1.5558350476190477, 1.2819528424908424, 1.1170097777777779, 1.003467575091575])",-4.447143035872988,0.11270424821336901
17,-4.476723386068275,"Individual(fitness=-4.476723386068275, values=[2.2294164932844933, 1.5681098803418803, 1.276582603174603, 1.1170097777777779, 0.9911927423687423])",-4.354089168878125,0.32824740181404594
18,-4.479942294688222,"Individual(fitness=-4.479942294688222, values=[2.2294164932844933, 1.5681098803418803, 1.2888574358974358, 1.1170097777777779, 0.9911927423687423])",-4.411685968473487,0.20329791369637387
19,-4.481099111361442,"Individual(fitness=-4.481099111361442, values=[2.2294164932844933, 1.5681098803418803, 1.2911589670329668, 1.1170097777777779, 0.9973301587301586])",-4.349323153389568,0.33692760613380157
20,-4.481099111361442,"Individual(fitness=-4.481099111361442, values=[2.2294164932844933, 1.5681098803418803, 1.2911589670329668, 1.1170097777777779, 0.9973301587301586])",-4.383797440387053,0.3436019288980781
21,-4.486461936249226,"Individual(fitness=-4.486461936249226, values=[2.1826186935286933, 1.5711785885225884, 1.2888574358974358, 1.1170097777777779, 1.0003988669108668])",-4.249247257424307,0.5189990953721116
22,-4.486461936249226,"Individual(fitness=-4.486461936249226, values=[2.1826186935286933, 1.5711785885225884, 1.2888574358974358, 1.1170097777777779, 1.0003988669108668])",-4.303938824910686,0.44774759553511745
23,-4.486461936249226,"Individual(fitness=-4.486461936249226, values=[2.1826186935286933, 1.5711785885225884, 1.2888574358974358, 1.1170097777777779, 1.0003988669108668])",-4.342167722846954,0.34801790769744495
24,-4.487150781101863,"Individual(fitness=-4.487150781101863, values=[2.1826186935286933, 1.5711785885225884, 1.2888574358974358, 1.1170097777777779, 0.9942614505494505])",-4.304126539387532,0.443839125877014
25,-4.487150781101863,"Individual(fitness=-4.487150781101863, values=[2.1826186935286933, 1.5711785885225884, 1.2888574358974358, 1.1170097777777779, 0.9942614505494505])",-4.34423374177211,0.3732361904933821
26,-4.487947915432664,"Individual(fitness=-4.487947915432664, values=[2.1826186935286933, 1.5711785885225884, 1.2819528424908424, 1.1170097777777779, 0.9973301587301586])",-4.40551046367728,0.25318833483652436
27,-4.491479024208979,"Individual(fitness=-4.491479024208979, values=[2.207168358974359, 1.5711785885225884, 1.2788841343101343, 1.1170097777777779, 1.0003988669108668])",-4.392021731873926,0.3513667087913036
28,-4.491479024208979,"Individual(fitness=-4.491479024208979, values=[2.207168358974359, 1.5711785885225884, 1.2788841343101343, 1.1170097777777779, 1.0003988669108668])",-4.405386318830735,0.28723296303070966
29,-4.493106778222051,"Individual(fitness=-4.493106778222051, values=[2.207168358974359, 1.5711785885225884, 1.2819528424908424, 1.1170097777777779, 1.0003988669108668])",-4.392920598444634,0.35311151829755
30,-4.494255587268298,"Individual(fitness=-4.494255587268298, values=[2.207168358974359, 1.5711785885225884, 1.2819528424908424, 1.1170097777777779, 0.9973301587301586])",-4.411910494710094,0.2698445009064065
31,-4.494392346380737,"Individual(fitness=-4.494392346380737, values=[2.2040996507936503, 1.5711785885225884, 1.2819528424908424, 1.1170097777777779, 0.9980973357753357])",-4.424508449762676,0.25889792789853683
32,-4.494392346380737,"Individual(fitness=-4.494392346380737, values=[2.2040996507936503, 1.5711785885225884, 1.2819528424908424, 1.1170097777777779, 0.9980973357753357])",-4.43161986420858,0.2625172379927618
33,-4.494392346380737,"Individual(fitness=-4.494392346380737, values=[2.2040996507936503, 1.5711785885225884, 1.2819528424908424, 1.1170097777777779, 0.9980973357753357])",-4.409850257230264,0.2924239682979387
34,-4.494528238188391,"Individual(fitness=-4.494528238188391, values=[2.2040996507936503, 1.5711785885225884, 1.2819528424908424, 1.1170097777777779, 0.9973301587301586])",-4.391386103060712,0.3326156587384995
35,-4.494528238188391,"Individual(fitness=-4.494528238188391, values=[2.2040996507936503, 1.5711785885225884, 1.2819528424908424, 1.1170097777777779, 0.9973301587301586])",-4.389633834970603,0.3496458740067323
36,-4.494528238188391,"Individual(fitness=-4.494528238188391, values=[2.2040996507936503, 1.5711785885225884, 1.2819528424908424, 1.1170097777777779, 0.9973301587301586])",-4.437711254459739,0.21840396582696697
37,-4.494528238188391,"Individual(fitness=-4.494528238188391, values=[2.2040996507936503, 1.5711785885225884, 1.2819528424908424, 1.1170097777777779, 0.9973301587301586])",-4.420104578723314,0.2519927070796895
38,-4.494528238188391,"Individual(fitness=-4.494528238188391, values=[2.2040996507936503, 1.5711785885225884, 1.2819528424908424, 1.1170097777777779, 0.9973301587301586])",-4.453224598153216,0.19211378272413773
39,-4.494528238188391,"Individual(fitness=-4.494528238188391, values=[2.2040996507936503, 1.5711785885225884, 1.2819528424908424, 1.1170097777777779, 0.9973301587301586])",-4.4487354852625085,0.24509954619188945
40,-4.494528238188391,"Individual(fitness=-4.494528238188391, values=[2.2040996507936503, 1.5711785885225884, 1.2819528424908424, 1.1170097777777779, 0.9973301587301586])",-4.3527806424687245,0.38982255393076726
41,-4.494528238188391,"Individual(fitness=-4.494528238188391, values=[2.2040996507936503, 1.5711785885225884, 1.2819528424908424, 1.1170097777777779, 0.9973301587301586])",-4.341409728208051,0.4510445973129561
42,-4.494528238188391,"Individual(fitness=-4.494528238188391, values=[2.2040996507936503, 1.5711785885225884, 1.2819528424908424, 1.1170097777777779, 0.9973301587301586])",-4.391215879586511,0.2849073310864071
43,-4.494922982806414,"Individual(fitness=-4.494922982806414, values=[2.2040996507936503, 1.5711785885225884, 1.2865559047619046, 1.1170097777777779, 0.9973301587301586])",-4.419040703074398,0.3236620041170963
44,-4.494922982806414,"Individual(fitness=-4.494922982806414, values=[2.2040996507936503, 1.5711785885225884, 1.2865559047619046, 1.1170097777777779, 0.9973301587301586])",-4.381673679844891,0.3458162328702765
45,-4.494922982806414,"Individual(fitness=-4.494922982806414, values=[2.2040996507936503, 1.5711785885225884, 1.2865559047619046, 1.1170097777777779, 0.9973301587301586])",-4.356141709064216,0.4045324911172791
46,-4.494922982806414,"Individual(fitness=-4.494922982806414, values=[2.2040996507936503, 1.5711785885225884, 1.2865559047619046, 1.1170097777777779, 0.9973301587301586])",-4.423713237227302,0.2317293683663705
47,-4.494922982806414,"Individual(fitness=-4.494922982806414, values=[2.2040996507936503, 1.5711785885225884, 1.2865559047619046, 1.1170097777777779, 0.9973301587301586])",-4.33635984319957,0.48213964488146727
48,-4.494922982806414,"Individual(fitness=-4.494922982806414, values=[2.2040996507936503, 1.5711785885225884, 1.2865559047619046, 1.1170097777777779, 0.9973301587301586])",-4.419003787173275,0.2470427432545253
49,-4.494922982806414,"Individual(fitness=-4.494922982806414, values=[2.2040996507936503, 1.5711785885225884, 1.2865559047619046, 1.1170097777777779, 0.9973301587301586])",-4.426996626994338,0.2617570688142604
50,-4.494922982806414,"Individual(fitness=-4.494922982806414, values=[2.2040996507936503, 1.5711785885225884, 1.2865559047619046, 1.1170097777777779, 0.9973301587301586])",-4.381688659864859,0.3085739068812084
51,-4.494922982806414,"Individual(fitness=-4.494922982806414, values=[2.2040996507936503, 1.5711785885225884, 1.2865559047619046, 1.1170097777777779, 0.9973301587301586])",-4.468736010005429,0.14242227283054737
52,-4.494922982806414,"Individual(fitness=-4.494922982806414, values=[2.2040996507936503, 1.5711785885225884, 1.2865559047619046, 1.1170097777777779, 0.9973301587301586])",-4.45782037569971,0.21539188897068454
53,-4.494922982806414,"Individual(fitness=-4.494922982806414, values=[2.2040996507936503, 1.5711785885225884, 1.2865559047619046, 1.1170097777777779, 0.9973301587301586])",-4.439766732845172,0.20232971228305918
54,-4.495618572216096,"Individual(fitness=-4.495618572216096, values=[2.2040996507936503, 1.5711785885225884, 1.2865559047619046, 1.1170097777777779, 1.6969956239316237])",-4.395677954661596,0.3582933944535302
55,-4.495618572216096,"Individual(fitness=-4.495618572216096, values=[2.2040996507936503, 1.5711785885225884, 1.2865559047619046, 1.1170097777777779, 1.6969956239316237])",-4.393432566999569,0.3416484930969575
56,-4.495618572216096,"Individual(fitness=-4.495618572216096, values=[2.2040996507936503, 1.5711785885225884, 1.2865559047619046, 1.1170097777777779, 1.6969956239316237])",-4.311285400318834,0.4994399240907732
57,-4.495618572216096,"Individual(fitness=-4.495618572216096, values=[2.2040996507936503, 1.5711785885225884, 1.2865559047619046, 1.1170097777777779, 1.6969956239316237])",-4.419611537434623,0.2229623752067171
58,-4.495618572216096,"Individual(fitness=-4.495618572216096, values=[2.2040996507936503, 1.5711785885225884, 1.2865559047619046, 1.1170097777777779, 1.6969956239316237])",-4.323259147176434,0.41561938289053496
59,-4.6086100714963365,"Individual(fitness=-4.6086100714963365, values=[2.2040996507936503, 1.5711785885225884, 1.2865559047619046, 1.1170097777777779, 1.7092704566544565])",-4.341728187098335,0.3515511771466067
60,-4.612853438544886,"Individual(fitness=-4.612853438544886, values=[2.2040996507936503, 1.5742472967032966, 1.2865559047619046, 1.1170097777777779, 1.7100376336996335])",-4.454477974833592,0.19294634993389545
61,-4.613330775583377,"Individual(fitness=-4.613330775583377, values=[2.2040996507936503, 1.5711785885225884, 1.2865559047619046, 1.1170097777777779, 1.7100376336996335])",-4.380297348187451,0.38919688779896044
62,-4.613330775583377,"Individual(fitness=-4.613330775583377, values=[2.2040996507936503, 1.5711785885225884, 1.2865559047619046, 1.1170097777777779, 1.7100376336996335])",-4.386266777066964,0.4795624003984249
63,-4.613338770832259,"Individual(fitness=-4.613338770832259, values=[2.2056340048840046, 1.5711785885225884, 1.2857887277167277, 1.1170097777777779, 1.7100376336996335])",-4.4804702873672735,0.31851720062849026
64,-4.617739836082544,"Individual(fitness=-4.617739836082544, values=[2.2040996507936503, 1.5711785885225884, 1.2865559047619046, 1.1170097777777779, 1.7108048107448106])",-4.454274609951812,0.5188838523344428
65,-4.617739836082544,"Individual(fitness=-4.617739836082544, values=[2.2040996507936503, 1.5711785885225884, 1.2865559047619046, 1.1170097777777779, 1.7108048107448106])",-4.542312862774435,0.27044949868915974
66,-4.621832443002456,"Individual(fitness=-4.621832443002456, values=[2.2040996507936503, 1.5711785885225884, 1.2865559047619046, 1.1170097777777779, 1.7115719877899875])",-4.557964158199234,0.2339775667064133
67,-4.621938381955265,"Individual(fitness=-4.621938381955265, values=[2.2040996507936503, 1.5711785885225884, 1.2857887277167277, 1.1170097777777779, 1.7115719877899875])",-4.524103330859367,0.3036090809630231
68,-4.621938381955265,"Individual(fitness=-4.621938381955265, values=[2.2040996507936503, 1.5711785885225884, 1.2857887277167277, 1.1170097777777779, 1.7115719877899875])",-4.541155026054919,0.2810182822676305
69,-4.621938381955265,"Individual(fitness=-4.621938381955265, values=[2.2040996507936503, 1.5711785885225884, 1.2857887277167277, 1.1170097777777779, 1.7115719877899875])",-4.51581794499302,0.3705823838760416
70,-4.621938381955265,"Individual(fitness=-4.621938381955265, values=[2.2040996507936503, 1.5711785885225884, 1.2857887277167277, 1.1170097777777779, 1.7115719877899875])",-4.537189810667968,0.29254154409604055
71,-4.621938381955265,"Individual(fitness=-4.621938381955265, values=[2.2040996507936503, 1.5711785885225884, 1.2857887277167277, 1.1170097777777779, 1.7115719877899875])",-4.544861869170643,0.3297980542930848
72,-4.621938381955265,"Individual(fitness=-4.621938381955265, values=[2.2040996507936503, 1.5711785885225884, 1.2857887277167277, 1.1170097777777779, 1.7115719877899875])",-4.549752806128717,0.24679218439382317
73,-4.642529584280244,"Individual(fitness=-4.642529584280244, values=[2.2040996507936503, 1.5711785885225884, 1.2873230818070818, 1.1170097777777779, 1.7177094041514038])",-4.595700358411814,0.19287894636413339
74,-4.642529584280244,"Individual(fitness=-4.642529584280244, values=[2.2040996507936503, 1.5711785885225884, 1.2873230818070818, 1.1170097777777779, 1.7177094041514038])",-4.453797064277408,0.5354502074283233
75,-4.642810423129852,"Individual(fitness=-4.642810423129852, values=[2.2040996507936503, 1.5711785885225884, 1.2857887277167277, 1.1170097777777779, 1.7177094041514038])",-4.5107646122584155,0.33790819296284813
76,-4.642810423129852,"Individual(fitness=-4.642810423129852, values=[2.2040996507936503, 1.5711785885225884, 1.2857887277167277, 1.1170097777777779, 1.7177094041514038])",-4.567937304296996,0.26636342091072457
77,-4.642810423129852,"Individual(fitness=-4.642810423129852, values=[2.2040996507936503, 1.5711785885225884, 1.2857887277167277, 1.1170097777777779, 1.7177094041514038])",-4.500049371016928,0.41107242376439485
78,-4.642810423129852,"Individual(fitness=-4.642810423129852, values=[2.2040996507936503, 1.5711785885225884, 1.2857887277167277, 1.1170097777777779, 1.7177094041514038])",-4.612934566227188,0.14971616258623585
79,-4.642810423129852,"Individual(fitness=-4.642810423129852, values=[2.2040996507936503, 1.5711785885225884, 1.2857887277167277, 1.1170097777777779, 1.7177094041514038])",-4.544454577158523,0.3680097357409972
80,-4.642810423129852,"Individual(fitness=-4.642810423129852, values=[2.2040996507936503, 1.5711785885225884, 1.2857887277167277, 1.1170097777777779, 1.7177094041514038])",-4.529105915908165,0.37585648636128666
81,-4.642810423129852,"Individual(fitness=-4.642810423129852, values=[2.2040996507936503, 1.5711785885225884, 1.2857887277167277, 1.1170097777777779, 1.7177094041514038])",-4.5783980620929245,0.2851947666186681
82,-4.642810423129852,"Individual(fitness=-4.642810423129852, values=[2.2040996507936503, 1.5711785885225884, 1.2857887277167277, 1.1170097777777779, 1.7177094041514038])",-4.5492149592085305,0.29845035214284976
83,-4.642810423129852,"Individual(fitness=-4.642810423129852, values=[2.2040996507936503, 1.5711785885225884, 1.2857887277167277, 1.1170097777777779, 1.7177094041514038])",-4.536470523231791,0.3564881098590739
84,-4.642810423129852,"Individual(fitness=-4.642810423129852, values=[2.2040996507936503, 1.5711785885225884, 1.2857887277167277, 1.1170097777777779, 1.7177094041514038])",-4.4936902879848555,0.4867683633743042
85,-4.642810423129852,"Individual(fitness=-4.642810423129852, values=[2.2040996507936503, 1.5711785885225884, 1.2857887277167277, 1.1170097777777779, 1.7177094041514038])",-4.608365181366727,0.1617863011980749
86,-4.642810423129852,"Individual(fitness=-4.642810423129852, values=[2.2040996507936503, 1.5711785885225884, 1.2857887277167277, 1.1170097777777779, 1.7177094041514038])",-4.555169549208621,0.3231640904658896
87,-4.642810423129852,"Individual(fitness=-4.642810423129852, values=[2.2040996507936503, 1.5711785885225884, 1.2857887277167277, 1.1170097777777779, 1.7177094041514038])",-4.561321512089209,0.34219948720513105
88,-4.642810423129852,"Individual(fitness=-4.642810423129852, values=[2.2040996507936503, 1.5711785885225884, 1.2857887277167277, 1.1170097777777779, 1.7177094041514038])",-4.571119166648993,0.249979981816592
89,-4.642810423129852,"Individual(fitness=-4.642810423129852, values=[2.2040996507936503, 1.5711785885225884, 1.2857887277167277, 1.1170097777777779, 1.7177094041514038])",-4.546596673090414,0.3288130161197771
90,-4.642810423129852,"Individual(fitness=-4.642810423129852, values=[2.2040996507936503, 1.5711785885225884, 1.2857887277167277, 1.1170097777777779, 1.7177094041514038])",-4.588936015481048,0.21851325221194595
91,-4.642810423129852,"Individual(fitness=-4.642810423129852, values=[2.2040996507936503, 1.5711785885225884, 1.2857887277167277, 1.1170097777777779, 1.7177094041514038])",-4.582696719484848,0.24639684990056532
92,-4.642810423129852,"Individual(fitness=-4.642810423129852, values=[2.2040996507936503, 1.5711785885225884, 1.2857887277167277, 1.1170097777777779, 1.7177094041514038])",-4.596002636945257,0.19690608448822386
93,-4.642810423129852,"Individual(fitness=-4.642810423129852, values=[2.2040996507936503, 1.5711785885225884, 1.2857887277167277, 1.1170097777777779, 1.7177094041514038])",-4.535942078009259,0.3672244291748242
94,-4.642810423129852,"Individual(fitness=-4.642810423129852, values=[2.2040996507936503, 1.5711785885225884, 1.2857887277167277, 1.1170097777777779, 1.7177094041514038])",-4.477683080101062,0.5201061470071234
95,-4.642810423129852,"Individual(fitness=-4.642810423129852, values=[2.2040996507936503, 1.5711785885225884, 1.2857887277167277, 1.1170097777777779, 1.7177094041514038])",-4.548128233168187,0.34787271776405426
96,-4.642810423129852,"Individual(fitness=-4.642810423129852, values=[2.2040996507936503, 1.5711785885225884, 1.2857887277167277, 1.1170097777777779, 1.7177094041514038])",-4.577381629113589,0.23088046394005796
97,-4.642810423129852,"Individual(fitness=-4.642810423129852, values=[2.2040996507936503, 1.5711785885225884, 1.2857887277167277, 1.1170097777777779, 1.7177094041514038])",-4.4971930792527495,0.394774170560801
98,-4.642810423129852,"Individual(fitness=-4.642810423129852, values=[2.2040996507936503, 1.5711785885225884, 1.2857887277167277, 1.1170097777777779, 1.7177094041514038])",-4.556818400337436,0.28027879426801117
99,-4.642810423129852,"Individual(fitness=-4.642810423129852, values=[2.2040996507936503, 1.5711785885225884, 1.2857887277167277, 1.1170097777777779, 1.7177094041514038])",-4.533717893909902,0.42016385553545643
100,-4.642810423129852,"Individual(fitness=-4.642810423129852, values=[2.2040996507936503, 1.5711785885225884, 1.2857887277167277, 1.1170097777777779, 1.7177094041514038])",-4.594034316220385,0.19887883377567248
101,-4.642810423129852,"Individual(fitness=-4.642810423129852, values=[2.2040996507936503, 1.5711785885225884, 1.2857887277167277, 1.1170097777777779, 1.7177094041514038])",-4.551665637396674,0.29185029299824794
102,-4.642810423129852,"Individual(fitness=-4.642810423129852, values=[2.2040996507936503, 1.5711785885225884, 1.2857887277167277, 1.1170097777777779, 1.7177094041514038])",-4.589636002160002,0.20654512068565598
103,-4.642810423129852,"Individual(fitness=-4.642810423129852, values=[2.2040996507936503, 1.5711785885225884, 1.2857887277167277, 1.1170097777777779, 1.7177094041514038])",-4.5753544269064665,0.2453506073475914
104,-4.642810423129852,"Individual(fitness=-4.642810423129852, values=[2.2040996507936503, 1.5711785885225884, 1.2857887277167277, 1.1170097777777779, 1.7177094041514038])",-4.519355171415052,0.3640289653792839
105,-4.642810423129852,"Individual(fitness=-4.642810423129852, values=[2.2040996507936503, 1.5711785885225884, 1.2857887277167277, 1.1170097777777779, 1.7177094041514038])",-4.564569684705775,0.31676684725905596
106,-4.642810423129852,"Individual(fitness=-4.642810423129852, values=[2.2040996507936503, 1.5711785885225884, 1.2857887277167277, 1.1170097777777779, 1.7177094041514038])",-4.593825525129698,0.20710981752448857
107,-4.642810423129852,"Individual(fitness=-4.642810423129852, values=[2.2040996507936503, 1.5711785885225884, 1.2857887277167277, 1.1170097777777779, 1.7177094041514038])",-4.482110116093933,0.4840591449265283
108,-4.642810423129852,"Individual(fitness=-4.642810423129852, values=[2.2040996507936503, 1.5711785885225884, 1.2857887277167277, 1.1170097777777779, 1.7177094041514038])",-4.577685282675861,0.244458055476072
109,-4.642810423129852,"Individual(fitness=-4.642810423129852, values=[2.2040996507936503, 1.5711785885225884, 1.2857887277167277, 1.1170097777777779, 1.7177094041514038])",-4.4998827915468524,0.3889573424465967
110,-4.642810423129852,"Individual(fitness=-4.642810423129852, values=[2.2040996507936503, 1.5711785885225884, 1.2857887277167277, 1.1170097777777779, 1.7177094041514038])",-4.506728420238225,0.35721442914363455
111,-4.642810423129852,"Individual(fitness=-4.642810423129852, values=[2.2040996507936503, 1.5711785885225884, 1.2857887277167277, 1.1170097777777779, 1.7177094041514038])",-4.527017896730397,0.34240975104572274
112,-4.642810423129852,"Individual(fitness=-4.642810423129852, values=[2.2040996507936503, 1.5711785885225884, 1.2857887277167277, 1.1170097777777779, 1.7177094041514038])",-4.581888629525012,0.23046055945290658
113,-4.642810423129852,"Individual(fitness=-4.642810423129852, values=[2.2040996507936503, 1.5711785885225884, 1.2857887277167277, 1.1170097777777779, 1.7177094041514038])",-4.489483994691298,0.463382573475226
114,-4.642810423129852,"Individual(fitness=-4.642810423129852, values=[2.2040996507936503, 1.5711785885225884, 1.2857887277167277, 1.1170097777777779, 1.7177094041514038])",-4.538980966793591,0.3353849758775431
115,-4.642810423129852,"Individual(fitness=-4.642810423129852, values=[2.2040996507936503, 1.5711785885225884, 1.2857887277167277, 1.1170097777777779, 1.7177094041514038])",-4.5441137740332325,0.341542565997998
116,-4.642810423129852,"Individual(fitness=-4.642810423129852, values=[2.2040996507936503, 1.5711785885225884, 1.2857887277167277, 1.1170097777777779, 1.7177094041514038])",-4.561866021427731,0.34324541786609714
117,-4.642810423129852,"Individual(fitness=-4.642810423129852, values=[2.2040996507936503, 1.5711785885225884, 1.2857887277167277, 1.1170097777777779, 1.7177094041514038])",-4.55924917974429,0.31524533845761027
118,-4.642810423129852,"Individual(fitness=-4.642810423129852, values=[2.2040996507936503, 1.5711785885225884, 1.2857887277167277, 1.1170097777777779, 1.7177094041514038])",-4.448383293910008,0.5587648554716614
119,-4.642810423129852,"Individual(fitness=-4.642810423129852, values=[2.2040996507936503, 1.5711785885225884, 1.2857887277167277, 1.1170097777777779, 1.7177094041514038])",-4.564313182332301,0.3288948783090725
120,-4.642810423129852,"Individual(fitness=-4.642810423129852, values=[2.2040996507936503, 1.5711785885225884, 1.2857887277167277, 1.1170097777777779, 1.7177094041514038])",-4.532628353894848,0.34337525602597335
121,-4.642810423129852,"Individual(fitness=-4.642810423129852, values=[2.2040996507936503, 1.5711785885225884, 1.2857887277167277, 1.1170097777777779, 1.7177094041514038])",-4.598806270115589,0.2123953995669868
122,-4.642810423129852,"Individual(fitness=-4.642810423129852, values=[2.2040996507936503, 1.5711785885225884, 1.2857887277167277, 1.1170097777777779, 1.7177094041514038])",-4.545019453557708,0.32932331840328444
123,-4.642810423129852,"Individual(fitness=-4.642810423129852, values=[2.2040996507936503, 1.5711785885225884, 1.2857887277167277, 1.1170097777777779, 1.7177094041514038])",-4.536583848303896,0.372900820290471
124,-4.642810423129852,"Individual(fitness=-4.642810423129852, values=[2.2040996507936503, 1.5711785885225884, 1.2857887277167277, 1.1170097777777779, 1.7177094041514038])",-4.464716407970153,0.44638879641798207
125,-4.642810423129852,"Individual(fitness=-4.642810423129852, values=[2.2040996507936503, 1.5711785885225884, 1.2857887277167277, 1.1170097777777779, 1.7177094041514038])",-4.59246594268596,0.2113034388302551
126,-4.642810423129852,"Individual(fitness=-4.642810423129852, values=[2.2040996507936503, 1.5711785885225884, 1.2857887277167277, 1.1170097777777779, 1.7177094041514038])",-4.562457592480148,0.3271624711699647
127,-4.642810423129852,"Individual(fitness=-4.642810423129852, values=[2.2040996507936503, 1.5711785885225884, 1.2857887277167277, 1.1170097777777779, 1.7177094041514038])",-4.542512787998112,0.31088775601888186
128,-4.642810423129852,"Individual(fitness=-4.642810423129852, values=[2.2040996507936503, 1.5711785885225884, 1.2857887277167277, 1.1170097777777779, 1.7177094041514038])",-4.528293634242882,0.39603242169379554
129,-4.642810423129852,"Individual(fitness=-4.642810423129852, values=[2.2040996507936503, 1.5711785885225884, 1.2857887277167277, 1.1170097777777779, 1.7177094041514038])",-4.491052026978007,0.4232140318651414
130,-4.642810423129852,"Individual(fitness=-4.642810423129852, values=[2.2040996507936503, 1.5711785885225884, 1.2857887277167277, 1.1170097777777779, 1.7177094041514038])",-4.552897358580304,0.3133408598026793
131,-4.642810423129852,"Individual(fitness=-4.642810423129852, values=[2.2040996507936503, 1.5711785885225884, 1.2857887277167277, 1.1170097777777779, 1.7177094041514038])",-4.606547967971392,0.1573147528644419
132,-4.642810423129852,"Individual(fitness=-4.642810423129852, values=[2.2040996507936503, 1.5711785885225884, 1.2857887277167277, 1.1170097777777779, 1.7177094041514038])",-4.543296640155622,0.3099203670914501
133,-4.642810423129852,"Individual(fitness=-4.642810423129852, values=[2.2040996507936503, 1.5711785885225884, 1.2857887277167277, 1.1170097777777779, 1.7177094041514038])",-4.581952090653314,0.23928149355336
134,-4.64281583672886,"Individual(fitness=-4.64281583672886, values=[2.2040996507936503, 1.5711785885225884, 1.2842543736263736, 1.1170097777777779, 1.7177094041514038])",-4.55050719143494,0.42603890143962725
135,-4.64281583672886,"Individual(fitness=-4.64281583672886, values=[2.2040996507936503, 1.5711785885225884, 1.2842543736263736, 1.1170097777777779, 1.7177094041514038])",-4.558292614858689,0.3152038248900006
136,-4.64281583672886,"Individual(fitness=-4.64281583672886, values=[2.2040996507936503, 1.5711785885225884, 1.2842543736263736, 1.1170097777777779, 1.7177094041514038])",-4.594077878287316,0.18671807488676062
137,-4.64281583672886,"Individual(fitness=-4.64281583672886, values=[2.2040996507936503, 1.5711785885225884, 1.2842543736263736, 1.1170097777777779, 1.7177094041514038])",-4.516820865261469,0.4215630302082327
138,-4.64281583672886,"Individual(fitness=-4.64281583672886, values=[2.2040996507936503, 1.5711785885225884, 1.2842543736263736, 1.1170097777777779, 1.7177094041514038])",-4.560073281710828,0.26881158632751806
139,-4.64281583672886,"Individual(fitness=-4.64281583672886, values=[2.2040996507936503, 1.5711785885225884, 1.2842543736263736, 1.1170097777777779, 1.7177094041514038])",-4.625170016386638,0.12351714421243397
140,-4.64281583672886,"Individual(fitness=-4.64281583672886, values=[2.2040996507936503, 1.5711785885225884, 1.2842543736263736, 1.1170097777777779, 1.7177094041514038])",-4.535456991011612,0.41421966581571895
141,-4.64281583672886,"Individual(fitness=-4.64281583672886, values=[2.2040996507936503, 1.5711785885225884, 1.2842543736263736, 1.1170097777777779, 1.7177094041514038])",-4.557164982306315,0.29984488918790525
142,-4.64281583672886,"Individual(fitness=-4.64281583672886, values=[2.2040996507936503, 1.5711785885225884, 1.2842543736263736, 1.1170097777777779, 1.7177094041514038])",-4.613307759858012,0.15063327703580584
143,-4.64281583672886,"Individual(fitness=-4.64281583672886, values=[2.2040996507936503, 1.5711785885225884, 1.2842543736263736, 1.1170097777777779, 1.7177094041514038])",-4.555875072462096,0.26281801779915637
144,-4.64281583672886,"Individual(fitness=-4.64281583672886, values=[2.2040996507936503, 1.5711785885225884, 1.2842543736263736, 1.1170097777777779, 1.7177094041514038])",-4.514781580812743,0.44732307677615546
145,-4.64281583672886,"Individual(fitness=-4.64281583672886, values=[2.2040996507936503, 1.5711785885225884, 1.2842543736263736, 1.1170097777777779, 1.7177094041514038])",-4.575300231510772,0.24938912563773974
146,-4.64281583672886,"Individual(fitness=-4.64281583672886, values=[2.2040996507936503, 1.5711785885225884, 1.2842543736263736, 1.1170097777777779, 1.7177094041514038])",-4.480016580080656,0.49306495656718896
147,-4.64281583672886,"Individual(fitness=-4.64281583672886, values=[2.2040996507936503, 1.5711785885225884, 1.2842543736263736, 1.1170097777777779, 1.7177094041514038])",-4.581703050795547,0.2309465750391659
148,-4.64281583672886,"Individual(fitness=-4.64281583672886, values=[2.2040996507936503, 1.5711785885225884, 1.2842543736263736, 1.1170097777777779, 1.7177094041514038])",-4.5509601607869286,0.34602628703070587
149,-4.64281583672886,"Individual(fitness=-4.64281583672886, values=[2.2040996507936503, 1.5711785885225884, 1.2842543736263736, 1.1170097777777779, 1.7177094041514038])",-4.5389362895764975,0.35219587420006665
150,-4.64281583672886,"Individual(fitness=-4.64281583672886, values=[2.2040996507936503, 1.5711785885225884, 1.2842543736263736, 1.1170097777777779, 1.7177094041514038])",-4.551642477396503,0.3872862206002736
151,-4.64281583672886,"Individual(fitness=-4.64281583672886, values=[2.2040996507936503, 1.5711785885225884, 1.2842543736263736, 1.1170097777777779, 1.7177094041514038])",-4.528386115771682,0.36129808725519164
152,-4.64281583672886,"Individual(fitness=-4.64281583672886, values=[2.2040996507936503, 1.5711785885225884, 1.2842543736263736, 1.1170097777777779, 1.7177094041514038])",-4.5946617892307335,0.19603586057446415
153,-4.64281583672886,"Individual(fitness=-4.64281583672886, values=[2.2040996507936503, 1.5711785885225884, 1.2842543736263736, 1.1170097777777779, 1.7177094041514038])",-4.614410100059264,0.14034276581412025
154,-4.64281583672886,"Individual(fitness=-4.64281583672886, values=[2.2040996507936503, 1.5711785885225884, 1.2842543736263736, 1.1170097777777779, 1.7177094041514038])",-4.576044986098145,0.20825847704530948
155,-4.64281583672886,"Individual(fitness=-4.64281583672886, values=[2.2040996507936503, 1.5711785885225884, 1.2842543736263736, 1.1170097777777779, 1.7177094041514038])",-4.464189342912022,0.5410410075283335
156,-4.64281583672886,"Individual(fitness=-4.64281583672886, values=[2.2040996507936503, 1.5711785885225884, 1.2842543736263736, 1.1170097777777779, 1.7177094041514038])",-4.561902822822955,0.2491685475339502
157,-4.64281583672886,"Individual(fitness=-4.64281583672886, values=[2.2040996507936503, 1.5711785885225884, 1.2842543736263736, 1.1170097777777779, 1.7177094041514038])",-4.556440232329647,0.3314854327905855
158,-4.64281583672886,"Individual(fitness=-4.64281583672886, values=[2.2040996507936503, 1.5711785885225884, 1.2842543736263736, 1.1170097777777779, 1.7177094041514038])",-4.619672117294683,0.12035298696457607
159,-4.64281583672886,"Individual(fitness=-4.64281583672886, values=[2.2040996507936503, 1.5711785885225884, 1.2842543736263736, 1.1170097777777779, 1.7177094041514038])",-4.614986960193787,0.1344068755314462
160,-4.64281583672886,"Individual(fitness=-4.64281583672886, values=[2.2040996507936503, 1.5711785885225884, 1.2842543736263736, 1.1170097777777779, 1.7177094041514038])",-4.567325996679021,0.3626298348087457
161,-4.64281583672886,"Individual(fitness=-4.64281583672886, values=[2.2040996507936503, 1.5711785885225884, 1.2842543736263736, 1.1170097777777779, 1.7177094041514038])",-4.530464513247235,0.37602545066153475
162,-4.64281583672886,"Individual(fitness=-4.64281583672886, values=[2.2040996507936503, 1.5711785885225884, 1.2842543736263736, 1.1170097777777779, 1.7177094041514038])",-4.561139811901183,0.2875672152529272
163,-4.642847502193833,"Individual(fitness=-4.642847502193833, values=[2.2040996507936503, 1.5711785885225884, 1.2850215506715505, 1.1170097777777779, 1.7177094041514038])",-4.598392671019416,0.22153885569274348
164,-4.642847502193833,"Individual(fitness=-4.642847502193833, values=[2.2040996507936503, 1.5711785885225884, 1.2850215506715505, 1.1170097777777779, 1.7177094041514038])",-4.5738344996923965,0.260655777147575
165,-4.642847502193833,"Individual(fitness=-4.642847502193833, values=[2.2040996507936503, 1.5711785885225884, 1.2850215506715505, 1.1170097777777779, 1.7177094041514038])",-4.629506005619481,0.07891726388109904
166,-4.642847502193833,"Individual(fitness=-4.642847502193833, values=[2.2040996507936503, 1.5711785885225884, 1.2850215506715505, 1.1170097777777779, 1.7177094041514038])",-4.573020718681467,0.2206552948531911
167,-4.642847502193833,"Individual(fitness=-4.642847502193833, values=[2.2040996507936503, 1.5711785885225884, 1.2850215506715505, 1.1170097777777779, 1.7177094041514038])",-4.570218584176638,0.24055592052494773
168,-4.642847502193833,"Individual(fitness=-4.642847502193833, values=[2.2040996507936503, 1.5711785885225884, 1.2850215506715505, 1.1170097777777779, 1.7177094041514038])",-4.560225788618925,0.29616680077686364
169,-4.642847502193833,"Individual(fitness=-4.642847502193833, values=[2.2040996507936503, 1.5711785885225884, 1.2850215506715505, 1.1170097777777779, 1.7177094041514038])",-4.521596158529424,0.4308030645811226
170,-4.642847502193833,"Individual(fitness=-4.642847502193833, values=[2.2040996507936503, 1.5711785885225884, 1.2850215506715505, 1.1170097777777779, 1.7177094041514038])",-4.571468634979305,0.2639745454497467
171,-4.642847502193833,"Individual(fitness=-4.642847502193833, values=[2.2040996507936503, 1.5711785885225884, 1.2850215506715505, 1.1170097777777779, 1.7177094041514038])",-4.522479351227611,0.386952505110376
172,-4.642847502193833,"Individual(fitness=-4.642847502193833, values=[2.2040996507936503, 1.5711785885225884, 1.2850215506715505, 1.1170097777777779, 1.7177094041514038])",-4.612154572895503,0.20079502926886314
173,-4.642847502193833,"Individual(fitness=-4.642847502193833, values=[2.2040996507936503, 1.5711785885225884, 1.2850215506715505, 1.1170097777777779, 1.7177094041514038])",-4.61650039548129,0.1472503366011469
174,-4.642847502193833,"Individual(fitness=-4.642847502193833, values=[2.2040996507936503, 1.5711785885225884, 1.2850215506715505, 1.1170097777777779, 1.7177094041514038])",-4.534440282610406,0.3900639900221135
175,-4.642847502193833,"Individual(fitness=-4.642847502193833, values=[2.2040996507936503, 1.5711785885225884, 1.2850215506715505, 1.1170097777777779, 1.7177094041514038])",-4.553618075599161,0.32224466127431367
176,-4.642847502193833,"Individual(fitness=-4.642847502193833, values=[2.2040996507936503, 1.5711785885225884, 1.2850215506715505, 1.1170097777777779, 1.7177094041514038])",-4.5431928293130595,0.32026992607808147
177,-4.642847502193833,"Individual(fitness=-4.642847502193833, values=[2.2040996507936503, 1.5711785885225884, 1.2850215506715505, 1.1170097777777779, 1.7177094041514038])",-4.5555906579806695,0.2697282611631681
178,-4.642847502193833,"Individual(fitness=-4.642847502193833, values=[2.2040996507936503, 1.5711785885225884, 1.2850215506715505, 1.1170097777777779, 1.7177094041514038])",-4.524581207696513,0.3679994260326323
179,-4.642847502193833,"Individual(fitness=-4.642847502193833, values=[2.2040996507936503, 1.5711785885225884, 1.2850215506715505, 1.1170097777777779, 1.7177094041514038])",-4.581885417950596,0.24731069713257195
180,-4.642847502193833,"Individual(fitness=-4.642847502193833, values=[2.2040996507936503, 1.5711785885225884, 1.2850215506715505, 1.1170097777777779, 1.7177094041514038])",-4.561810539370051,0.2901515781789247
181,-4.642847502193833,"Individual(fitness=-4.642847502193833, values=[2.2040996507936503, 1.5711785885225884, 1.2850215506715505, 1.1170097777777779, 1.7177094041514038])",-4.563455678147831,0.291817130193661
182,-4.642847502193833,"Individual(fitness=-4.642847502193833, values=[2.2040996507936503, 1.5711785885225884, 1.2850215506715505, 1.1170097777777779, 1.7177094041514038])",-4.543490546189609,0.3700061867281234
183,-4.642847502193833,"Individual(fitness=-4.642847502193833, values=[2.2040996507936503, 1.5711785885225884, 1.2850215506715505, 1.1170097777777779, 1.7177094041514038])",-4.5328319834902295,0.3405687314108597
184,-4.642847502193833,"Individual(fitness=-4.642847502193833, values=[2.2040996507936503, 1.5711785885225884, 1.2850215506715505, 1.1170097777777779, 1.7177094041514038])",-4.4718791414362915,0.43089436653803365
185,-4.642847502193833,"Individual(fitness=-4.642847502193833, values=[2.2040996507936503, 1.5711785885225884, 1.2850215506715505, 1.1170097777777779, 1.7177094041514038])",-4.452857975319757,0.5215359994205552
186,-4.642847502193833,"Individual(fitness=-4.642847502193833, values=[2.2040996507936503, 1.5711785885225884, 1.2850215506715505, 1.1170097777777779, 1.7177094041514038])",-4.560574064093447,0.256603880156104
187,-4.642847502193833,"Individual(fitness=-4.642847502193833, values=[2.2040996507936503, 1.5711785885225884, 1.2850215506715505, 1.1170097777777779, 1.7177094041514038])",-4.533943852613815,0.3606129026855339
188,-4.642847502193833,"Individual(fitness=-4.642847502193833, values=[2.2040996507936503, 1.5711785885225884, 1.2850215506715505, 1.1170097777777779, 1.7177094041514038])",-4.5601527970067695,0.35667317014132344
189,-4.642847502193833,"Individual(fitness=-4.642847502193833, values=[2.2040996507936503, 1.5711785885225884, 1.2850215506715505, 1.1170097777777779, 1.7177094041514038])",-4.595926898951912,0.21259029356707293
190,-4.642847502193833,"Individual(fitness=-4.642847502193833, values=[2.2040996507936503, 1.5711785885225884, 1.2850215506715505, 1.1170097777777779, 1.7177094041514038])",-4.534079069624384,0.3501876376386229
191,-4.642847502193833,"Individual(fitness=-4.642847502193833, values=[2.2040996507936503, 1.5711785885225884, 1.2850215506715505, 1.1170097777777779, 1.7177094041514038])",-4.532642109482183,0.37575050399433485
192,-4.642847502193833,"Individual(fitness=-4.642847502193833, values=[2.2040996507936503, 1.5711785885225884, 1.2850215506715505, 1.1170097777777779, 1.7177094041514038])",-4.6189159537432145,0.13766300824988034
193,-4.642847502193833,"Individual(fitness=-4.642847502193833, values=[2.2040996507936503, 1.5711785885225884, 1.2850215506715505, 1.1170097777777779, 1.7177094041514038])",-4.567217389707764,0.2640026814643365
194,-4.642847502193833,"Individual(fitness=-4.642847502193833, values=[2.2040996507936503, 1.5711785885225884, 1.2850215506715505, 1.1170097777777779, 1.7177094041514038])",-4.5174308611063845,0.40889781329622626
195,-4.642847502193833,"Individual(fitness=-4.642847502193833, values=[2.2040996507936503, 1.5711785885225884, 1.2850215506715505, 1.1170097777777779, 1.7177094041514038])",-4.591735662212456,0.23655776310996018
196,-4.642847502193833,"Individual(fitness=-4.642847502193833, values=[2.2040996507936503, 1.5711785885225884, 1.2850215506715505, 1.1170097777777779, 1.7177094041514038])",-4.62475130483796,0.1133802334167797
197,-4.642847502193833,"Individual(fitness=-4.642847502193833, values=[2.2040996507936503, 1.5711785885225884, 1.2850215506715505, 1.1170097777777779, 1.7177094041514038])",-4.581190826386931,0.22396096206936508
198,-4.642847502193833,"Individual(fitness=-4.642847502193833, values=[2.2040996507936503, 1.5711785885225884, 1.2850215506715505, 1.1170097777777779, 1.7177094041514038])",-4.455192251683741,0.5020608207268853
199,-4.642847502193833,"Individual(fitness=-4.642847502193833, values=[2.2040996507936503, 1.5711785885225884, 1.2850215506715505, 1.1170097777777779, 1.7177094041514038])",-4.526592591228499,0.31968381392399936
200,-4.642847502193833,"Individual(fitness=-4.642847502193833, values=[2.2040996507936503, 1.5711785885225884, 1.2850215506715505, 1.1170097777777779, 1.7177094041514038])",-4.574641452167047,0.22731530028179514
